household_key,TotalBaskets,TotalSpent,FirstWeek,LastWeek,ActiveWeeks,LoyaltyScore
1,86,4330.16,8,102,68,372393.76
2,45,1954.34,15,96,35,87945.3
3,47,2653.21,17,101,37,124700.87
4,30,1200.1100000000001,16,90,26,36003.3
5,40,779.0600000000001,13,101,27,31162.4
6,250,5996.16,18,102,84,1499040.0
7,59,3400.05,4,102,50,200602.95
8,113,5534.97,10,102,72,625451.61
9,20,797.42,16,99,19,15948.4
10,9,234.34,17,99,5,2109.06
11,5,33.39,16,60,5,166.95
12,7,266.21,11,73,7,1863.4699999999998
13,275,13190.92,15,102,87,3627503.0
14,140,2761.19,1,101,66,386566.60000000003
15,55,972.53,4,101,30,53489.15
16,98,1512.02,15,99,58,148177.96
17,124,5139.63,4,99,65,637314.12
18,163,7118.91,14,102,81,1160382.33
19,421,11299.61,11,102,92,4757135.8100000005
20,387,7486.11,12,102,77,2897124.57
21,27,870.11,11,98,19,23492.97
22,136,6256.04,4,102,86,850821.44
23,110,3158.58,16,102,63,347443.8
24,74,1911.1100000000001,9,102,36,141422.14
25,94,3149.65,2,101,64,296067.10000000003
26,113,1937.39,8,101,50,218925.07
27,405,5736.24,6,102,90,2323177.1999999997
28,125,2119.62,17,101,67,264952.5
29,69,1343.03,6,102,44,92669.06999999999
30,28,622.8000000000001,12,102,21,17438.4
31,69,4396.9,15,102,43,303386.1
32,116,3381.82,8,102,65,392291.12
33,52,1200.74,16,102,34,62438.48
34,36,407.38,1,102,27,14665.68
35,60,1119.51,4,102,34,67170.6
36,221,4898.25,13,102,77,1082513.25
37,63,2976.66,13,102,46,187529.58
38,27,706.13,15,79,22,19065.51
39,64,5033.66,4,99,50,322154.24
40,400,12907.89,11,102,90,5163156.0
41,73,3107.13,11,102,58,226820.49000000002
42,89,1985.86,15,102,77,176741.53999999998
43,106,884.84,17,102,57,93793.04000000001
44,32,877.76,12,90,26,28088.32
45,57,807.09,15,85,37,46004.130000000005
46,137,8433.43,3,102,70,1155379.9100000001
47,111,2329.13,16,102,61,258533.43000000002
48,50,1172.83,17,102,33,58641.5
49,121,6445.03,9,101,65,779848.63
50,15,351.39,17,97,13,5270.849999999999
51,83,3046.86,3,102,58,252889.38
52,139,5487.28,3,102,78,762731.9199999999
53,56,1962.26,11,102,44,109886.56
54,11,103.09,6,71,11,1133.99
55,141,1072.79,10,101,74,151263.38999999998
56,201,6691.53,14,102,80,1344997.53
57,194,3105.87,8,102,76,602538.78
58,268,10367.08,12,102,90,2778377.44
59,44,1688.33,10,98,29,74286.51999999999
60,8,400.94,14,100,7,3207.52
61,11,183.8,12,100,11,2021.8000000000002
62,33,359.29,10,96,23,11856.570000000002
63,33,589.6,13,102,30,19456.8
64,264,3917.81,2,102,75,1034301.84
65,122,2042.17,6,97,64,249144.74000000002
66,29,395.95,18,99,18,11482.55
67,227,9618.9,15,102,82,2183490.3
68,553,4960.77,1,102,98,2743305.81
69,183,5704.34,13,102,69,1043894.22
70,32,76.4,2,101,21,2444.8
71,90,3376.03,10,102,63,303842.7
72,107,6473.43,11,100,71,692657.01
73,164,2864.18,9,95,56,469725.51999999996
74,131,2047.64,5,94,68,268240.84
75,64,1167.09,13,102,48,74693.76
76,16,315.94,7,102,14,5055.04
77,87,6227.1,1,102,66,541757.7000000001
78,210,2505.14,13,102,81,526079.4
79,154,3950.12,15,102,74,608318.48
80,94,3002.09,8,100,57,282196.46
81,152,5553.7,8,102,73,844162.4
82,51,566.51,12,102,46,28892.01
83,110,1183.74,6,102,63,130211.4
84,52,1208.0900000000001,7,100,36,62820.68000000001
85,282,4696.49,3,102,91,1324410.18
86,46,4019.44,10,97,33,184894.24
87,45,1202.3,13,102,39,54103.5
88,229,11615.66,13,102,87,2659986.14
89,11,177.56,16,92,11,1953.16
90,10,490.40999999999997,13,97,9,4904.099999999999
91,181,2899.66,9,102,60,524838.46
92,57,1587.38,15,101,48,90480.66
93,106,3346.7200000000003,2,79,71,354752.32
94,36,442.64,13,100,30,15935.039999999999
95,308,6500.18,13,102,87,2002055.4400000002
96,59,1182.43,4,102,35,69763.37000000001
97,180,5323.95,7,102,81,958311.0
98,205,2547.3,1,102,72,522196.50000000006
99,255,6926.15,13,102,86,1766168.25
100,33,2294.62,2,99,27,75722.45999999999
101,242,6651.58,17,102,75,1609682.3599999999
102,8,304.84,8,26,6,2438.72
103,51,541.99,14,102,29,27641.49
104,128,6546.74,17,102,67,837982.72
105,169,4591.67,2,102,74,775992.23
106,67,2014.66,15,101,33,134982.22
107,41,1222.83,10,98,22,50136.03
108,62,2671.16,13,99,38,165611.91999999998
109,104,3501.07,17,102,65,364111.28
110,185,3461.32,10,102,78,640344.2000000001
111,51,1515.65,3,99,36,77298.15000000001
112,80,1342.65,7,100,52,107412.0
113,223,15324.95,14,102,88,3417463.85
114,88,3315.63,2,102,64,291775.44
115,201,13262.1,6,102,89,2665682.1
116,83,647.72,7,102,60,53760.76
117,94,2568.21,5,102,73,241411.74
118,90,4526.21,15,102,66,407358.9
119,62,2593.01,9,102,41,160766.62000000002
120,19,242.32,8,94,16,4604.08
121,112,2225.58,17,96,47,249264.96
122,132,2354.22,1,97,62,310757.04
123,174,3222.65,12,99,82,560741.1
124,61,683.41,10,102,42,41688.009999999995
125,358,10601.5,2,101,98,3795337.0
126,31,853.45,13,101,24,26456.95
127,191,4658.2300000000005,14,102,70,889721.93
128,41,1381.08,3,102,30,56624.28
129,40,475.73,17,99,32,19029.2
130,20,511.62,4,49,15,10232.4
131,354,6156.22,4,102,92,2179301.88
132,98,2875.2400000000002,6,101,59,281773.52
133,75,3823.89,15,102,59,286791.75
134,86,5535.09,6,102,57,476017.74
135,74,717.5,11,102,59,53095.0
136,77,2804.82,16,100,44,215971.14
137,38,1062.17,15,90,32,40362.46000000001
138,68,3529.19,11,102,51,239984.92
139,83,3073.33,11,102,51,255086.38999999998
140,140,1720.64,6,100,46,240889.6
141,52,448.34000000000003,7,102,40,23313.68
142,176,2324.19,3,102,95,409057.44
143,408,6574.2300000000005,15,102,72,2682285.8400000003
144,88,2126.31,14,93,44,187115.28
145,59,1470.49,10,101,41,86758.91
146,41,843.02,5,101,28,34563.82
147,36,1487.21,10,100,29,53539.56
148,55,1231.76,14,101,37,67746.8
149,215,11920.93,7,94,70,2562999.95
150,6,230.35,13,88,5,1382.1
151,49,1226.14,17,102,32,60080.86000000001
152,37,1454.28,6,100,28,53808.36
153,92,1558.65,12,101,54,143395.80000000002
154,30,867.1800000000001,17,92,20,26015.4
155,52,2101.05,16,101,39,109254.6
156,587,5224.07,17,102,85,3066529.09
157,172,2748.9500000000003,4,102,78,472819.4
158,180,1869.79,17,101,80,336562.2
159,86,2143.87,12,100,53,184372.81999999998
160,57,1536.09,11,101,46,87557.12999999999
161,266,6071.52,15,102,61,1615024.32
162,71,3037.54,4,102,60,215665.34
163,17,272.52,10,94,11,4632.84
164,116,4272.41,17,102,64,495599.56
165,174,2995.4700000000003,7,102,78,521211.78
166,122,3059.69,9,102,69,373282.18
167,20,1268.02,6,102,18,25360.4
168,37,510.8,4,101,29,18899.600000000002
169,24,255.58,10,97,14,6133.92
170,45,2024.51,6,100,33,91102.95
171,25,740.46,13,101,19,18511.5
172,159,1770.8700000000001,10,102,73,281568.33
173,10,234.97,11,57,8,2349.7
174,27,1208.3899999999999,9,96,22,32626.529999999995
175,51,1154.02,2,94,34,58855.02
176,23,788.29,17,88,16,18130.67
177,50,1130.58,8,100,32,56529.0
178,119,2028.47,4,102,41,241387.93
179,38,620.56,11,75,31,23581.28
180,68,2103.4,15,100,36,143031.2
181,39,1670.82,7,85,24,65161.979999999996
182,36,1162.34,5,94,29,41844.24
183,136,1560.67,2,97,64,212251.12
184,257,7090.07,15,102,85,1822147.99
185,68,2137.62,6,101,40,145358.16
186,3,59.519999999999996,15,102,3,178.56
187,59,701.0,6,101,42,41359.0
188,43,1847.6200000000001,9,100,31,79447.66
189,38,801.99,12,100,35,30475.62
190,23,696.28,15,96,17,16014.439999999999
191,34,552.85,4,102,24,18796.9
192,95,3778.08,7,102,79,358917.6
193,136,4814.66,5,100,67,654793.76
194,73,1882.81,6,102,49,137445.13
195,91,4166.72,7,102,57,379171.52
196,186,5261.1900000000005,10,102,82,978581.3400000001
197,55,1929.23,12,102,43,106107.65
198,461,8659.17,12,102,86,3991877.37
199,54,667.97,11,101,43,36070.380000000005
200,80,1166.63,4,102,35,93330.40000000001
201,48,1435.17,18,101,29,68888.16
202,37,964.88,9,100,27,35700.56
203,42,908.83,16,102,30,38170.86
204,57,929.27,14,102,39,52968.39
205,106,3749.64,10,102,56,397461.83999999997
206,15,386.6,9,94,9,5799.0
207,21,995.72,10,94,19,20910.12
208,140,4296.33,8,101,80,601486.2
209,196,6876.56,14,102,80,1347805.76
210,147,3772.56,3,102,78,554566.32
211,112,2244.06,14,102,70,251334.72
212,109,3052.66,1,100,73,332739.94
213,9,606.5,12,97,8,5458.5
214,86,2657.91,17,101,72,228580.25999999998
215,142,1672.66,10,102,72,237517.72
216,120,2624.5,1,102,70,314940.0
217,65,2435.12,9,99,47,158282.8
218,164,9211.72,16,102,79,1510722.0799999998
219,228,11884.79,9,102,89,2709732.12
220,91,2525.2400000000002,6,98,62,229796.84000000003
221,79,2879.29,15,100,65,227463.91
222,130,5897.9,7,102,76,766727.0
223,118,2738.98,2,100,61,323199.64
224,56,1600.8,8,102,35,89644.8
225,44,729.82,8,97,34,32112.08
226,50,1205.06,3,96,35,60253.0
227,135,1390.25,9,101,82,187683.75
228,87,2404.81,12,102,58,209218.47
229,40,1004.89,6,100,33,40195.6
230,168,4521.01,15,102,79,759529.68
231,9,325.68,5,65,7,2931.12
232,631,12695.57,11,97,82,8010904.67
233,15,645.39,16,100,14,9680.85
234,19,260.64,12,100,14,4952.16
235,200,12156.64,2,102,88,2431328.0
236,47,1591.78,8,102,37,74813.66
237,6,549.59,17,94,6,3297.54
238,28,693.4,5,94,22,19415.2
239,264,4671.2,5,102,98,1233196.8
240,31,365.61,1,101,17,11333.91
241,16,199.73,16,97,12,3195.68
242,87,5231.8,11,102,62,455166.60000000003
243,250,8074.12,9,102,89,2018530.0
244,41,1698.95,8,97,39,69656.95
245,48,1396.45,1,98,39,67029.6
246,47,847.25,5,100,38,39820.75
247,59,1243.06,11,101,35,73340.54
248,57,6039.01,5,101,41,344223.57
249,137,2823.23,12,101,69,386782.51
250,121,5991.84,16,102,81,725012.64
251,83,2268.51,4,101,54,188286.33000000002
252,9,93.78,17,96,9,844.02
253,385,10993.710000000001,3,102,92,4232578.350000001
254,43,442.14,3,102,37,19012.02
255,18,672.09,1,100,17,12097.62
256,125,9850.35,5,102,82,1231293.75
257,122,2689.9900000000002,9,100,63,328178.78
258,211,2631.11,7,102,84,555164.2100000001
259,54,1158.33,2,100,42,62549.81999999999
260,30,425.04,17,101,25,12751.2
261,44,1241.87,16,94,28,54642.28
262,218,4802.27,15,100,69,1046894.8600000001
263,325,5870.33,14,102,88,1907857.25
264,61,1783.07,9,98,51,108767.26999999999
265,53,1881.76,17,102,34,99733.28
266,59,3130.2200000000003,12,100,45,184682.98
267,26,385.56,7,97,22,10024.56
268,30,809.21,16,97,19,24276.300000000003
269,84,1764.76,15,102,46,148239.84
270,41,923.46,15,102,27,37861.86
271,98,1375.52,1,101,59,134800.96
272,7,401.62,12,66,7,2811.34
273,127,2500.86,3,102,63,317609.22000000003
274,15,120.07000000000001,12,97,12,1801.0500000000002
275,321,6284.99,15,102,87,2017481.79
276,173,5758.71,11,102,74,996256.83
277,31,754.0500000000001,6,100,21,23375.550000000003
278,84,2053.56,7,102,58,172499.04
279,53,1816.62,12,94,35,96280.86
280,105,2375.86,2,102,66,249465.30000000002
281,79,1495.08,3,102,62,118111.31999999999
282,110,4162.56,9,102,71,457881.60000000003
283,78,6023.37,6,101,57,469822.86
284,21,534.98,14,101,17,11234.58
285,202,4227.64,12,102,85,853983.28
286,41,1245.24,10,102,32,51054.840000000004
287,271,3229.28,2,102,95,875134.88
288,92,3114.77,16,102,58,286558.84
289,183,5970.47,17,100,71,1092596.01
290,290,5524.34,12,102,74,1602058.6
291,61,2474.49,16,99,35,150943.88999999998
292,83,977.0699999999999,17,101,46,81096.81
293,108,3957.66,1,100,61,427427.27999999997
294,269,5411.36,2,102,96,1455655.8399999999
295,5,149.31,12,102,5,746.55
296,12,149.25,16,100,9,1791.0
297,114,3535.62,12,100,55,403060.68
298,7,224.86,9,42,4,1574.02
299,11,242.24,16,102,11,2664.6400000000003
300,107,4974.31,11,99,58,532251.17
301,81,7211.68,4,102,60,584146.0800000001
302,95,1797.53,15,99,58,170765.35
303,199,4879.67,17,102,77,971054.33
304,304,8586.28,1,102,98,2610229.12
305,141,3827.02,5,102,77,539609.82
306,185,5716.73,15,102,76,1057595.0499999998
307,415,2582.03,6,102,97,1071542.4500000002
308,83,2465.26,3,102,50,204616.58000000002
309,22,2325.59,5,90,21,51162.98
310,9,184.02,12,102,4,1656.18
311,51,1351.13,5,102,36,68907.63
312,40,2578.05,13,100,36,103122.0
313,4,92.53999999999999,8,13,2,370.15999999999997
314,41,3004.01,2,102,31,123164.41
315,11,182.19,1,90,10,2004.09
316,53,1037.78,11,102,34,55002.34
317,61,6083.3,6,102,53,371081.3
318,92,1242.25,10,102,58,114287.0
319,109,3758.5,4,99,64,409676.5
320,19,497.40999999999997,13,99,16,9450.789999999999
321,106,5935.66,9,99,67,629179.96
322,71,2418.88,15,102,41,171740.48
323,14,156.99,6,102,12,2197.86
324,150,8554.87,8,102,76,1283230.5000000002
325,75,2850.58,11,100,55,213793.5
326,26,739.72,16,102,17,19232.72
327,27,226.71,10,97,17,6121.17
328,239,17332.13,10,102,90,4142379.0700000003
329,146,3026.71,12,102,88,441899.66000000003
330,189,1679.38,13,99,65,317402.82
331,65,1273.3,17,99,39,82764.5
332,118,5519.02,2,102,73,651244.3600000001
333,39,1248.81,8,98,30,48703.59
334,466,4827.8,5,102,90,2249754.8000000003
335,147,2822.18,5,102,74,414860.45999999996
336,120,3089.7400000000002,17,99,47,370768.80000000005
337,61,933.59,12,101,43,56948.990000000005
338,154,2690.9700000000003,23,102,64,414409.38000000006
339,67,1668.92,14,100,48,111817.64
340,29,1057.56,2,90,19,30669.239999999998
341,30,393.5,16,92,23,11805.0
342,48,2125.51,15,101,35,102024.48000000001
343,67,1650.64,1,101,54,110592.88
344,48,2237.91,14,102,36,107419.68
345,182,5741.08,5,102,92,1044876.5599999999
346,124,5351.41,13,102,75,663574.84
347,15,540.76,1,96,11,8111.4
348,126,2961.83,17,102,44,373190.58
349,34,869.16,15,102,26,29551.44
350,103,3083.25,4,102,62,317574.75
351,296,7659.67,14,102,86,2267262.32
352,6,178.7,13,100,5,1072.1999999999998
353,125,3799.2000000000003,18,101,63,474900.00000000006
354,157,8729.87,13,102,81,1370589.59
355,7,340.34000000000003,12,54,5,2382.38
356,234,2837.33,13,102,68,663935.22
357,22,1704.27,15,100,20,37493.94
358,371,12729.34,13,102,85,4722585.14
359,2,172.85,6,8,2,345.7
360,37,447.6,16,102,27,16561.2
361,217,8747.1,1,102,92,1898120.7000000002
362,91,2987.4900000000002,3,102,78,271861.59
363,4,52.4,14,84,4,209.6
364,86,2566.92,1,101,57,220755.12
365,170,7048.43,2,100,83,1198233.1
366,48,615.78,12,97,33,29557.44
367,114,7186.37,5,102,88,819246.1799999999
368,53,1346.46,4,100,35,71362.38
369,35,1034.95,12,102,25,36223.25
370,133,3386.78,12,80,42,450441.74000000005
371,161,15716.54,10,102,87,2530362.94
372,10,440.42,2,72,9,4404.2
373,13,96.91,16,102,11,1259.83
374,163,7099.56,5,101,81,1157228.28
375,24,203.94,14,100,23,4894.5599999999995
376,493,4714.62,10,102,93,2324307.66
377,133,3166.45,15,102,70,421137.85
378,325,4715.42,9,102,94,1532511.5
379,2,55.64,18,102,2,111.28
380,129,7726.4400000000005,14,102,86,996710.76
381,93,3120.79,1,101,60,290233.47
382,34,694.7,9,97,24,23619.800000000003
383,150,5763.44,11,100,77,864515.9999999999
384,80,3914.84,16,102,54,313187.2
385,41,2929.72,6,101,28,120118.51999999999
386,281,4676.43,6,102,80,1314076.83
387,131,5697.25,15,101,64,746339.75
388,58,1286.54,15,102,49,74619.31999999999
389,271,14880.92,16,102,85,4032729.32
390,108,1806.02,12,102,68,195050.16
391,49,1412.64,13,88,24,69219.36
392,104,11443.97,11,102,73,1190172.88
393,180,3895.24,9,102,76,701143.2
394,65,1565.89,6,102,50,101782.85
395,68,872.91,7,102,52,59357.88
396,107,1790.73,16,101,63,191608.11000000002
397,248,6161.99,16,102,82,1528173.52
398,125,2092.6,16,101,58,261575.0
399,17,978.48,17,95,15,16634.16
400,310,18494.14,16,102,85,5733183.399999999
401,96,2538.88,2,102,49,243732.48
402,80,2233.84,10,101,49,178707.2
403,46,914.56,6,92,38,42069.759999999995
404,240,6107.18,2,102,98,1465723.2000000002
405,98,3652.9700000000003,5,102,69,357991.06
406,45,1776.65,13,102,28,79949.25
407,52,696.38,14,102,23,36211.76
408,56,2470.9900000000002,12,100,42,138375.44
409,135,4499.85,4,102,75,607479.75
410,129,1148.42,3,102,67,148146.18000000002
411,158,6697.21,13,101,66,1058159.18
412,112,2426.3,13,102,68,271745.60000000003
413,284,5963.78,6,101,90,1693713.52
414,153,2488.65,5,101,67,380763.45
415,16,514.63,17,100,13,8234.08
416,29,2177.04,10,83,24,63134.159999999996
417,84,3012.96,16,101,52,253088.64
418,256,6960.96,14,102,85,1782005.76
419,46,1696.61,12,92,32,78044.06
420,99,2130.58,4,102,53,210927.41999999998
421,194,6013.04,12,101,80,1166529.76
422,20,983.3199999999999,15,102,15,19666.399999999998
423,14,230.85000000000002,12,85,10,3231.9000000000005
424,24,2441.79,15,99,21,58602.96
425,151,5543.91,5,102,79,837130.41
426,228,7860.85,15,102,83,1792273.8
427,53,1073.01,2,102,32,56869.53
428,95,3361.43,10,100,63,319335.85
429,43,542.89,16,102,33,23344.27
430,107,2377.09,15,102,50,254348.63
431,36,531.6700000000001,14,102,29,19140.120000000003
432,257,3486.55,1,102,89,896043.3500000001
433,76,949.82,2,100,56,72186.32
434,117,3778.75,11,102,75,442113.75
435,93,1817.22,12,102,44,169001.46
436,30,2318.74,17,100,28,69562.2
437,90,5915.7300000000005,2,102,58,532415.7000000001
438,67,4456.52,15,101,47,298586.84
439,38,568.21,15,102,23,21591.980000000003
440,6,83.88,17,71,3,503.28
441,76,2369.9,17,102,68,180112.4
442,214,3094.71,12,102,51,662267.9400000001
443,103,2644.21,11,102,64,272353.63
444,44,1261.6200000000001,10,82,28,55511.280000000006
445,232,2696.5,11,92,72,625588.0
446,30,212.05,17,101,24,6361.5
447,136,1670.44,8,102,57,227179.84
448,45,493.37,5,102,35,22201.65
449,34,827.44,15,101,27,28132.960000000003
450,65,1540.45,16,100,53,100129.25
451,161,2376.28,2,102,76,382581.08
452,26,786.99,16,99,18,20461.74
453,34,742.95,12,102,27,25260.300000000003
454,356,8215.93,2,102,95,2924871.08
455,25,1253.4,10,102,17,31335.000000000004
456,94,6314.03,4,101,70,593518.82
457,78,718.0,12,100,42,56004.0
458,127,1685.64,17,102,71,214076.28
459,67,1194.94,6,101,56,80060.98000000001
460,113,760.45,12,102,62,85930.85
461,39,664.8000000000001,12,98,29,25927.200000000004
462,97,1510.63,8,102,65,146531.11000000002
463,587,5803.3,14,102,89,3406537.1
464,173,3590.4900000000002,10,102,82,621154.77
465,44,382.55,12,100,35,16832.2
466,17,423.32,15,96,15,7196.44
467,145,2642.99,2,102,68,383233.55
468,334,5835.68,8,102,91,1949117.12
469,165,7748.49,7,100,74,1278500.8499999999
470,156,2305.0,2,102,91,359580.0
471,51,1530.1200000000001,9,102,34,78036.12000000001
472,96,8295.58,8,95,59,796375.6799999999
473,70,3208.71,12,102,50,224609.7
474,36,2102.36,1,102,25,75684.96
475,41,1525.02,6,102,36,62525.82
476,29,1551.27,5,93,22,44986.83
477,65,812.28,8,100,38,52798.2
478,20,286.02,17,97,16,5720.4
479,185,1773.3,14,101,53,328060.5
480,92,3646.39,1,97,55,335467.88
481,49,2055.92,5,99,33,100740.08
482,61,1848.52,11,102,39,112759.72
483,98,2718.9900000000002,5,102,64,266461.02
484,137,2964.51,5,102,71,406137.87000000005
485,162,5431.01,17,102,77,879823.62
486,29,922.39,15,100,16,26749.31
487,9,133.68,15,96,9,1203.1200000000001
488,20,406.96000000000004,11,95,16,8139.200000000001
489,212,5866.56,13,102,77,1243710.72
490,80,3886.87,6,100,49,310949.6
491,124,4835.71,10,102,70,599628.04
492,117,7148.28,18,91,69,836348.76
493,196,4925.56,11,102,75,965409.7600000001
494,1,8.17,14,14,1,8.17
495,73,3050.52,9,98,52,222687.96
496,13,648.4000000000001,17,94,10,8429.2
497,63,766.4,16,101,38,48283.2
498,58,904.18,8,102,33,52442.439999999995
499,70,753.36,6,78,20,52735.200000000004
500,5,84.82,3,65,4,424.09999999999997
501,22,478.13,7,100,16,10518.86
502,57,2298.84,17,101,35,131033.88
503,151,4723.8,14,102,77,713293.8
504,7,516.3399999999999,5,89,7,3614.379999999999
505,18,188.54,17,101,16,3393.72
506,32,1254.17,8,102,24,40133.44
507,66,1455.43,11,100,49,96058.38
508,55,1190.51,17,100,38,65478.05
509,16,277.14,5,82,14,4434.24
510,346,7903.36,13,102,88,2734562.56
511,373,5425.53,4,102,97,2023722.69
512,25,1114.44,14,102,18,27861.0
513,161,12130.01,4,101,92,1952931.61
514,66,2339.27,14,101,53,154391.82
515,47,1826.73,10,102,34,85856.31
516,17,295.23,12,102,15,5018.91
517,105,3742.89,11,101,62,393003.45
518,153,4926.37,14,102,79,753734.61
519,32,819.13,2,95,28,26212.16
520,112,2071.15,10,102,65,231968.80000000002
521,53,858.8,4,100,40,45516.399999999994
522,3,29.340000000000003,12,71,3,88.02000000000001
523,277,5731.87,12,102,67,1587727.99
524,72,1984.58,17,100,52,142889.76
525,40,902.77,16,98,31,36110.8
526,183,4574.92,15,102,78,837210.36
527,130,3581.52,16,102,84,465597.6
528,17,373.83,1,101,14,6355.11
529,56,1831.14,2,100,40,102543.84000000001
530,53,1476.22,7,99,38,78239.66
531,40,1060.64,17,102,29,42425.600000000006
532,23,401.88,17,93,11,9243.24
533,64,2792.87,8,100,47,178743.68
534,465,1315.44,17,102,86,611679.6
535,34,1308.76,8,91,25,44497.84
536,87,1557.1299999999999,2,102,57,135470.31
537,45,1411.25,17,97,31,63506.25
538,69,4382.21,8,101,51,302372.49
539,65,1269.09,9,102,31,82490.84999999999
540,93,3280.73,19,102,55,305107.89
541,47,1784.19,8,99,36,83856.93000000001
542,123,2313.52,9,100,74,284562.96
543,104,3697.55,10,102,82,384545.2
544,131,1594.8500000000001,4,98,52,208925.35
545,56,2660.28,14,102,50,148975.68000000002
546,122,3339.0,16,91,64,407358.0
547,55,1676.76,14,101,34,92221.8
548,93,4255.83,13,98,64,395792.19
549,98,2299.35,17,102,30,225336.3
550,39,854.9100000000001,7,102,31,33341.490000000005
551,52,853.65,2,101,41,44389.799999999996
552,44,2289.47,8,101,36,100736.68
553,265,7259.09,14,102,87,1923658.85
554,21,1524.3300000000002,8,100,17,32010.930000000004
555,21,561.03,7,87,16,11781.63
556,15,693.86,5,96,13,10407.9
557,29,718.46,8,98,26,20835.34
558,115,2426.35,16,101,62,279030.25
559,27,249.34,12,71,18,6732.18
560,326,7290.9,3,102,100,2376833.4
561,26,1404.3600000000001,8,101,22,36513.36
562,79,3178.11,6,100,60,251070.69
563,72,2488.77,10,102,43,179191.44
564,52,842.45,10,102,40,43807.4
565,21,498.06,12,102,19,10459.26
566,146,1218.08,12,102,45,177839.68
567,254,3134.9,5,102,91,796264.6
568,180,8612.85,1,102,71,1550313.0
569,102,6749.1900000000005,10,102,66,688417.38
570,35,1400.11,14,102,27,49003.85
571,16,1114.16,5,87,14,17826.56
572,45,903.15,14,74,9,40641.75
573,102,3111.55,14,100,67,317378.10000000003
574,120,6753.54,13,102,79,810424.8
575,356,11771.130000000001,1,102,100,4190522.2800000003
576,167,3750.12,7,98,70,626270.04
577,39,4399.53,17,102,34,171581.66999999998
578,117,2996.69,14,101,64,350612.73
579,23,435.26,9,101,22,10010.98
580,98,1337.7,7,102,70,131094.6
581,146,5060.44,8,101,64,738824.24
582,142,5137.74,15,102,73,729559.08
583,156,3063.34,5,99,65,477881.04000000004
584,56,1098.3,13,77,30,61504.799999999996
585,42,805.0699999999999,1,99,31,33812.939999999995
586,211,5822.64,8,102,85,1228577.04
587,27,247.93,9,102,21,6694.110000000001
588,262,9540.54,5,102,85,2499621.4800000004
589,17,298.97,13,100,14,5082.490000000001
590,134,3338.41,5,102,57,447346.94
591,325,13534.93,8,102,88,4398852.25
592,34,660.79,5,95,29,22466.86
593,57,646.4,1,99,40,36844.799999999996
594,104,2421.39,15,101,53,251824.56
595,146,2373.7400000000002,10,102,75,346566.04000000004
596,113,2996.37,8,102,69,338589.81
597,100,3826.25,6,102,59,382625.0
598,213,3354.9,9,102,84,714593.7000000001
599,5,357.78,7,93,5,1788.8999999999999
600,166,5520.3,9,102,66,916369.8
601,79,5241.27,7,102,55,414060.33
602,53,1850.07,6,97,28,98053.70999999999
603,182,3219.5,5,102,65,585949.0
604,56,2311.65,2,102,50,129452.40000000001
605,128,5856.38,8,102,67,749616.64
606,97,3323.12,6,102,62,322342.64
607,216,3203.01,7,102,53,691850.16
608,217,5148.9800000000005,14,102,84,1117328.6600000001
609,162,1665.89,4,102,73,269874.18
610,24,573.0600000000001,16,97,18,13753.440000000002
611,73,2316.24,12,102,51,169085.52
612,144,3978.72,13,102,73,572935.6799999999
613,11,347.31,3,101,8,3820.41
614,122,2757.2400000000002,1,102,70,336383.28
615,24,346.4,32,100,21,8313.599999999999
616,10,476.14,5,101,9,4761.4
617,27,1315.54,4,100,25,35519.58
618,544,7343.87,17,102,82,3995065.28
619,5,168.98,9,87,5,844.9
620,19,304.98,15,82,16,5794.620000000001
621,142,3179.15,14,102,74,451439.3
622,147,2384.37,18,102,71,350502.38999999996
623,124,3899.16,16,102,63,483495.83999999997
624,160,6003.47,4,101,78,960555.2000000001
625,34,1233.92,16,102,30,41953.28
626,25,649.33,2,101,20,16233.250000000002
627,45,1785.46,13,102,33,80345.7
628,18,1147.99,4,102,17,20663.82
629,27,377.49,3,91,25,10192.23
630,206,7746.27,1,102,90,1595731.62
631,483,9277.72,5,102,97,4481138.76
632,94,3370.68,15,102,58,316843.92
633,167,5493.89,16,102,69,917479.63
634,35,1555.15,10,68,25,54430.25
635,34,362.9,5,94,24,12338.599999999999
636,227,9045.17,10,102,90,2053253.59
637,113,2510.04,5,102,61,283634.52
638,164,8039.29,17,102,73,1318443.56
639,79,759.83,10,89,36,60026.57
640,92,2253.25,10,98,49,207299.0
641,355,13221.75,5,102,94,4693721.25
642,64,2208.34,6,85,45,141333.76
643,31,1415.5900000000001,13,101,26,43883.29000000001
644,214,3772.03,14,102,79,807214.42
645,49,429.06,13,78,33,21023.94
646,41,1691.72,3,99,29,69360.52
647,129,6326.74,10,102,70,816149.46
648,73,1910.4,9,102,52,139459.2
649,55,1553.45,17,80,25,85439.75
650,78,1415.65,2,100,52,110420.70000000001
651,8,370.53000000000003,11,77,7,2964.2400000000002
652,48,1800.09,11,102,45,86404.31999999999
653,228,10822.55,14,101,75,2467541.4
654,146,2330.08,6,102,78,340191.68
655,61,1991.29,3,102,35,121468.69
656,95,5040.28,8,100,55,478826.6
657,20,119.80000000000001,12,101,19,2396.0
658,49,1052.48,15,101,35,51571.520000000004
659,32,760.89,3,99,27,24348.48
660,168,7954.280000000001,17,102,70,1336319.04
661,394,8271.31,15,102,88,3258896.1399999997
662,39,1381.73,11,100,35,53887.47
663,105,3199.53,17,102,60,335950.65
664,31,995.08,17,99,27,30847.48
665,39,715.98,5,102,28,27923.22
666,100,1020.7,13,102,57,102070.0
667,66,1121.2,16,102,43,73999.2
668,57,1151.04,13,102,45,65609.28
669,119,9164.15,4,102,76,1090533.8499999999
670,192,5685.67,5,102,87,1091648.6400000001
671,127,5089.66,12,100,70,646386.82
672,121,2731.15,10,102,67,330469.15
673,50,704.61,4,102,33,35230.5
674,139,4727.57,5,102,64,657132.23
675,223,4832.38,15,102,79,1077620.74
676,376,10741.1,2,102,86,4038653.6
677,45,1600.99,14,102,37,72044.55
678,57,459.17,13,78,33,26172.690000000002
679,262,6494.31,3,102,79,1701509.2200000002
680,96,3513.02,17,101,59,337249.92
681,66,2773.19,1,102,57,183030.54
682,217,4438.29,5,82,49,963108.9299999999
683,9,170.06,17,86,8,1530.54
684,107,2052.67,6,102,65,219635.69
685,201,6019.77,15,102,76,1209973.77
686,21,534.5699999999999,16,94,15,11225.97
687,69,3205.8,2,102,47,221200.2
688,28,3207.61,11,100,27,89813.08
689,3,28.96,17,56,3,86.88
690,273,4963.14,4,102,92,1354937.2200000002
691,54,2511.33,6,101,41,135611.82
692,124,3891.14,12,102,79,482501.36
693,209,6378.8,2,100,81,1333169.2
694,154,1756.64,12,102,50,270522.56
695,226,8523.93,17,102,79,1926408.1800000002
696,326,14715.53,17,102,84,4797262.78
697,62,2823.59,9,101,46,175062.58000000002
698,127,1204.49,1,102,59,152970.23
699,150,10353.0,9,102,78,1552950.0
700,39,2981.04,3,101,29,116260.56
701,39,2593.56,15,101,31,101148.84
702,276,8205.68,12,102,88,2264767.68
703,219,9475.69,11,102,83,2075176.11
704,9,76.53,17,76,7,688.77
705,93,1385.93,12,100,69,128891.49
706,133,4024.6,4,102,75,535271.7999999999
707,498,19194.420000000002,15,102,86,9558821.16
708,68,2828.06,3,102,55,192308.08
709,156,5536.4,7,102,76,863678.3999999999
710,229,3724.48,4,102,93,852905.92
711,36,429.79,5,102,25,15472.44
712,256,11711.02,6,102,96,2998021.12
713,24,540.9,15,100,20,12981.599999999999
714,294,4117.34,8,102,92,1210497.96
715,178,3712.14,7,102,76,660760.9199999999
716,81,1290.68,12,102,55,104545.08
717,51,616.72,15,99,32,31452.72
718,599,19299.86,1,102,102,11560616.14
719,34,1098.51,4,101,30,37349.34
720,86,1678.8,7,102,69,144376.8
721,46,553.57,16,101,29,25464.22
722,136,6437.62,15,101,75,875516.32
723,23,1230.83,12,101,22,28309.089999999997
724,26,639.3000000000001,11,95,22,16621.800000000003
725,133,4828.58,13,102,75,642201.14
726,71,2220.15,11,102,46,157630.65
727,118,4923.13,10,102,62,580929.34
728,475,10732.91,7,102,90,5098132.25
729,32,1159.32,8,101,27,37098.24
730,92,1111.69,3,101,71,102275.48000000001
731,233,3151.31,13,101,68,734255.23
732,104,3967.82,18,102,60,412653.28
733,76,2678.56,13,101,59,203570.56
734,76,1319.76,4,100,50,100301.76
735,92,1062.25,9,99,44,97727.0
736,60,3061.62,4,101,42,183697.19999999998
737,52,1593.51,5,94,45,82862.52
738,101,2593.12,15,102,45,261905.12
739,6,160.06,14,42,5,960.36
740,113,6644.85,17,102,71,750868.05
741,88,3414.6,12,101,57,300484.8
742,328,3950.96,11,101,87,1295914.8800000001
743,71,1988.97,17,100,48,141216.87
744,158,4730.31,1,101,72,747388.9800000001
745,180,6713.51,10,102,93,1208431.8
746,39,569.0500000000001,16,85,24,22192.950000000004
747,136,1166.73,17,102,68,158675.28
748,84,2709.18,10,101,39,227571.12
749,77,1066.6200000000001,13,101,44,82129.74
750,49,598.62,13,102,28,29332.38
751,27,521.04,5,94,16,14068.079999999998
752,106,3792.56,9,102,61,402011.36
753,50,2177.13,5,102,37,108856.5
754,32,1535.13,17,101,31,49124.16
755,307,10617.05,6,102,91,3259434.3499999996
756,24,690.42,9,92,18,16570.079999999998
757,40,2023.3700000000001,17,96,34,80934.8
758,17,344.92,15,99,15,5863.64
759,41,1274.09,5,101,32,52237.689999999995
760,70,1872.52,6,79,51,131076.4
761,178,9036.01,13,102,76,1608409.78
762,886,8982.79,13,102,88,7958751.94
763,40,2815.58,11,89,33,112623.2
764,112,3196.78,18,101,47,358039.36000000004
765,30,1586.5800000000002,13,102,24,47597.4
766,122,8350.09,17,101,71,1018710.98
767,13,562.77,13,98,12,7316.01
768,466,6681.35,16,102,87,3113509.1
769,46,1543.63,7,101,37,71006.98000000001
770,43,2246.36,15,100,28,96593.48000000001
771,497,7990.97,17,102,84,3971512.0900000003
772,42,271.88,14,99,26,11418.96
773,22,899.63,3,101,19,19791.86
774,16,909.96,12,94,13,14559.36
775,33,1121.0,7,74,28,36993.0
776,72,3153.7,7,102,49,227066.4
777,40,2745.75,12,102,24,109830.0
778,123,2285.59,1,88,50,281127.57
779,86,3918.28,11,102,48,336972.08
780,67,579.72,15,101,40,38841.240000000005
781,57,1665.51,14,101,40,94934.06999999999
782,70,1557.05,11,95,44,108993.5
783,17,387.34,5,84,15,6584.78
784,134,3117.66,3,102,76,417766.44
785,103,2089.8,7,102,47,215249.40000000002
786,204,7434.07,16,102,77,1516550.28
787,190,2504.59,15,102,83,475872.10000000003
788,295,7514.2,10,102,83,2216689.0
789,26,370.3,2,102,21,9627.800000000001
790,58,2842.63,16,101,44,164872.54
791,21,303.01,2,90,14,6363.21
792,23,337.11,16,102,8,7753.530000000001
793,107,1832.03,13,101,55,196027.21
794,32,1752.5,15,100,25,56080.0
795,45,1295.91,7,97,32,58315.950000000004
796,50,445.65,2,101,42,22282.5
797,92,3059.57,17,102,57,281480.44
798,54,1586.58,7,101,38,85675.31999999999
799,68,2084.11,5,102,48,141719.48
800,443,10426.58,9,102,93,4618974.94
801,29,1652.07,11,102,22,47910.03
802,59,2154.4300000000003,8,101,51,127111.37000000002
803,65,2036.8400000000001,4,102,53,132394.6
804,221,3917.74,12,101,77,865820.5399999999
805,304,5565.47,2,102,96,1691902.8800000001
806,125,5875.35,8,102,65,734418.75
807,123,4014.02,4,101,68,493724.46
808,206,2317.9,15,102,78,477487.4
809,57,619.75,12,99,36,35325.75
810,37,540.1,11,100,31,19983.7
811,39,680.23,7,100,24,26528.97
812,93,1165.27,5,99,39,108370.11
813,33,2065.1,3,102,29,68148.3
814,23,773.76,17,99,16,17796.48
815,47,1802.37,15,100,22,84711.39
816,106,3468.66,4,100,68,367677.95999999996
817,147,4801.85,15,102,74,705871.9500000001
818,52,1724.59,11,102,25,89678.68
819,6,161.75,11,101,6,970.5
820,208,4603.9800000000005,10,102,68,957627.8400000001
821,17,464.56,16,89,12,7897.52
822,42,866.56,9,101,32,36395.52
823,117,2590.15,14,101,59,303047.55
824,57,1167.03,14,102,36,66520.70999999999
825,242,11835.02,11,102,85,2864074.8400000003
826,26,203.01,4,99,21,5278.26
827,20,326.88,1,102,18,6537.6
828,37,1123.16,9,72,29,41556.920000000006
829,32,1635.21,14,100,29,52326.72
830,231,1694.32,11,102,58,391387.92
831,166,8831.35,10,102,83,1466004.1
832,14,479.24,8,101,13,6709.360000000001
833,34,1975.56,16,87,28,67169.04
834,28,946.28,8,102,21,26495.84
835,17,273.81,17,85,14,4654.77
836,75,1564.3500000000001,14,99,45,117326.25000000001
837,36,793.38,16,102,32,28561.68
838,32,384.69,7,102,28,12310.08
839,10,846.7,13,100,7,8467.0
840,214,11944.57,12,102,81,2556137.98
841,157,2550.37,10,102,57,400408.08999999997
842,506,7527.27,17,101,84,3808798.62
843,74,2619.23,4,102,43,193823.02
844,141,5399.64,12,102,75,761349.24
845,117,5097.28,12,101,69,596381.76
846,34,1120.9,13,98,28,38110.600000000006
847,53,1463.32,16,102,42,77555.95999999999
848,29,2684.13,14,101,22,77839.77
849,62,4599.52,13,102,47,285170.24000000005
850,97,1252.91,7,101,57,121532.27
851,21,166.78,2,95,21,3502.38
852,95,1943.73,15,101,58,184654.35
853,516,13497.29,10,102,90,6964601.640000001
854,36,551.87,17,98,30,19867.32
855,216,5617.79,17,102,62,1213442.64
856,182,5080.04,15,102,75,924567.28
857,43,4040.81,16,101,40,173754.83
858,42,594.23,11,102,35,24957.66
859,194,7074.2,11,102,89,1372394.8
860,52,261.06,12,92,14,13575.12
861,34,1382.53,6,102,25,47006.02
862,71,1753.9,6,102,37,124526.90000000001
863,146,2183.53,6,102,51,318795.38
864,109,7892.97,4,102,78,860333.73
865,35,1887.73,16,100,23,66070.55
866,136,5519.35,5,100,68,750631.6000000001
867,182,6088.84,5,102,86,1108168.8800000001
868,162,6836.65,14,102,66,1107537.3
869,130,1428.67,10,102,67,185727.1
870,12,241.41,14,60,9,2896.92
871,132,10435.960000000001,16,102,74,1377546.7200000002
872,9,172.07,7,99,3,1548.6299999999999
873,113,2938.15,12,100,55,332010.95
874,5,222.22,4,80,5,1111.1
875,68,1473.27,7,99,54,100182.36
876,200,5899.04,16,102,83,1179808.0
877,63,3355.07,13,101,49,211369.41
878,181,5980.72,14,102,82,1082510.32
879,96,2448.6,12,101,56,235065.59999999998
880,12,197.39000000000001,13,97,7,2368.6800000000003
881,139,4295.11,14,102,75,597020.2899999999
882,240,4609.8,15,101,73,1106352.0
883,352,10165.130000000001,6,102,91,3578125.7600000002
884,70,674.35,3,102,27,47204.5
885,87,2602.8,10,102,47,226443.6
886,198,4890.11,3,102,71,968241.7799999999
887,48,1133.71,1,100,40,54418.08
888,79,8689.01,2,102,64,686431.79
889,216,12983.01,6,102,89,2804330.16
890,31,1068.91,10,100,25,33136.21
891,113,7035.21,12,102,72,794978.73
892,22,443.31,11,87,21,9752.82
893,111,4729.01,9,102,55,524920.11
894,31,1095.29,8,98,19,33953.99
895,211,8700.15,4,101,94,1835731.65
896,112,5274.46,8,102,68,590739.52
897,62,840.23,11,102,43,52094.26
898,315,8355.23,16,102,84,2631897.4499999997
899,12,315.15,7,92,8,3781.7999999999997
900,1223,16450.53,10,102,93,20118998.189999998
901,76,2766.7,16,102,48,210269.19999999998
902,10,135.23,4,87,9,1352.3
903,72,2949.56,10,101,49,212368.32
904,31,890.25,4,102,25,27597.75
905,31,851.93,3,95,26,26409.829999999998
906,382,7048.71,8,102,93,2692607.22
907,92,1953.06,2,102,65,179681.52
908,199,6097.47,14,102,81,1213396.53
909,713,12414.56,10,102,85,8851581.28
910,34,1158.1100000000001,9,92,23,39375.740000000005
911,75,3696.76,13,99,55,277257.0
912,20,1164.1100000000001,14,89,12,23282.200000000004
913,69,1830.63,4,101,48,126313.47
914,60,1834.08,12,102,40,110044.79999999999
915,119,970.11,11,102,71,115443.09
916,206,3764.6,14,102,75,775507.6
917,44,488.48,14,82,12,21493.120000000003
918,152,3135.38,3,87,45,476577.76
919,135,1469.45,17,102,59,198375.75
920,238,5887.36,8,102,82,1401191.68
921,9,101.3,9,87,6,911.6999999999999
922,150,3336.9900000000002,6,100,72,500548.50000000006
923,164,3305.54,7,102,62,542108.5599999999
924,95,2336.18,1,102,76,221937.09999999998
925,79,485.24,7,94,33,38333.96
926,241,7274.1,1,101,91,1753058.1
927,46,1530.88,5,100,32,70420.48000000001
928,137,3571.7,9,102,65,489322.89999999997
929,244,5342.55,12,102,83,1303582.2
930,43,966.88,10,102,32,41575.84
931,42,4967.07,14,96,33,208616.94
932,158,5845.96,2,99,74,923661.68
933,79,2175.19,9,95,38,171840.01
934,234,10709.38,6,102,87,2505994.92
935,57,1564.67,7,99,40,89186.19
936,502,7089.49,10,102,91,3558923.98
937,68,1669.89,12,102,59,113552.52
938,26,1647.36,8,92,23,42831.36
939,154,5254.66,13,102,68,809217.64
940,65,1261.62,15,98,48,82005.29999999999
941,122,2206.06,15,102,61,269139.32
942,215,5890.14,13,98,65,1266380.1
943,144,3434.14,8,98,46,494516.16
944,104,2859.76,11,101,58,297415.04000000004
945,51,1926.03,10,101,38,98227.53
946,136,2530.45,4,102,70,344141.19999999995
947,221,2305.51,2,102,91,509517.71
948,4,304.85,8,54,2,1219.4
949,134,5799.97,17,102,71,777195.98
950,58,2027.0,13,88,39,117566.0
951,18,690.22,3,102,17,12423.960000000001
952,111,2201.4700000000003,15,102,60,244363.17000000004
953,114,2513.39,4,101,61,286526.45999999996
954,53,2537.43,9,100,43,134483.78999999998
955,274,4053.69,9,102,87,1110711.06
956,621,10231.93,8,102,94,6354028.53
957,576,3754.9,5,102,93,2162822.4
958,11,313.37,16,102,8,3447.07
959,60,1074.69,16,102,36,64481.4
960,106,2447.4900000000002,5,102,65,259433.94000000003
961,72,3956.27,16,100,51,284851.44
962,53,1530.44,17,100,39,81113.32
963,43,2036.66,5,85,35,87576.38
964,88,2044.85,15,102,42,179946.8
965,52,1764.07,2,101,33,91731.64
966,16,202.06,14,94,16,3232.96
967,10,299.38,13,96,8,2993.8
968,167,9805.11,6,102,87,1637453.37
969,8,311.59,9,98,8,2492.72
970,15,691.45,14,101,15,10371.75
971,126,3676.15,8,102,73,463194.9
972,197,4219.18,14,102,78,831178.4600000001
973,84,13486.32,14,102,59,1132850.88
974,43,1993.06,10,102,30,85701.58
975,182,4769.31,16,102,79,868014.42
976,82,6190.51,10,102,51,507621.82
977,34,1036.52,17,100,25,35241.68
978,71,3014.35,16,102,49,214018.85
979,205,12854.66,4,102,88,2635205.3
980,29,1330.22,11,100,21,38576.38
981,36,1394.11,12,99,31,50187.96
982,412,18790.34,10,102,93,7741620.08
983,196,3807.15,10,102,78,746201.4
984,32,1219.71,11,98,25,39030.72
985,110,2057.47,1,102,63,226321.69999999998
986,90,1827.87,5,100,64,164508.3
987,75,2334.53,5,101,49,175089.75000000003
988,196,6109.18,2,102,72,1197399.28
989,174,4663.38,7,102,76,811428.12
990,16,247.12,13,82,14,3953.92
991,31,1419.8799999999999,7,96,20,44016.28
992,102,823.35,16,102,41,83981.7
993,126,3064.87,15,101,72,386173.62
994,21,581.45,3,101,19,12210.45
995,21,1217.16,11,101,21,25560.36
996,139,2220.85,3,102,75,308698.14999999997
997,92,4646.81,5,102,62,427506.52
998,250,8305.39,14,101,79,2076347.4999999998
999,57,2154.25,2,101,39,122792.25
1000,138,4150.76,8,102,77,572804.88
1001,90,4082.0,3,102,51,367380.0
1002,30,973.9300000000001,11,102,26,29217.9
1003,63,2588.73,5,98,39,163089.99
1004,253,3708.7200000000003,13,102,83,938306.16
1005,180,2470.09,17,102,73,444616.2
1006,11,161.48,8,95,10,1776.28
1007,122,1368.97,11,102,69,167014.34
1008,40,511.12,12,99,28,20444.8
1009,23,125.52,11,84,21,2886.96
1010,91,2486.39,13,102,56,226261.49
1011,140,3495.2000000000003,7,101,81,489328.00000000006
1012,121,2342.5099999999998,9,97,59,283443.70999999996
1013,35,947.03,8,101,26,33146.049999999996
1014,161,4199.76,10,101,77,676161.36
1015,108,3807.7200000000003,7,102,82,411233.76
1016,40,3089.84,1,94,27,123593.6
1017,63,3436.26,5,101,52,216484.38
1018,167,2138.59,6,102,75,357144.53
1019,53,1553.56,2,101,36,82338.68
1020,171,9561.460000000001,13,102,79,1635009.6600000001
1021,99,2086.12,15,102,50,206525.87999999998
1022,36,263.27,7,84,20,9477.72
1023,603,38319.79,16,102,84,23106833.37
1024,145,9448.75,11,102,67,1370068.75
1025,81,3552.13,7,100,45,287722.53
1026,26,412.54,2,62,19,10726.04
1027,41,1064.99,8,102,34,43664.590000000004
1028,12,121.91,6,80,12,1462.92
1029,276,13785.55,14,102,86,3804811.8
1030,30,1260.29,12,96,28,37808.7
1031,146,4232.12,11,80,47,617889.52
1032,92,2473.76,14,94,53,227585.92
1033,26,1366.97,12,92,21,35541.22
1034,70,840.87,8,100,43,58860.9
1035,4,183.04,31,59,3,732.16
1036,27,1231.17,15,95,21,33241.590000000004
1037,33,1076.69,4,102,28,35530.770000000004
1038,275,1602.0,12,101,75,440550.0
1039,82,5168.38,16,102,60,423807.16000000003
1040,229,5664.74,8,102,90,1297225.46
1041,291,7156.7,11,102,76,2082599.7
1042,248,5284.12,6,102,95,1310461.76
1043,19,988.73,16,96,16,18785.87
1044,20,423.51,8,102,15,8470.2
1045,295,4893.11,11,102,86,1443467.45
1046,153,4314.95,8,100,76,660187.35
1047,80,1052.94,16,101,49,84235.20000000001
1048,103,1934.45,9,93,41,199248.35
1049,55,698.06,15,101,35,38393.299999999996
1050,135,5134.89,17,102,67,693210.15
1051,55,2275.67,10,100,36,125161.85
1052,7,231.66,12,34,5,1621.62
1053,96,4616.42,16,102,69,443176.32
1054,41,1035.19,15,99,31,42442.79
1055,81,1204.41,9,100,56,97557.21
1056,66,4871.09,4,101,46,321491.94
1057,184,8219.34,8,102,90,1512358.56
1058,563,3280.18,10,102,91,1846741.3399999999
1059,5,72.91,6,80,4,364.54999999999995
1060,64,6096.93,1,97,58,390203.52
1061,147,6211.67,13,102,61,913115.49
1062,216,1495.76,11,102,88,323084.16
1063,57,1327.48,13,89,34,75666.36
1064,44,3074.68,16,102,36,135285.91999999998
1065,50,5167.16,6,101,42,258358.0
1066,245,3114.34,15,102,82,763013.3
1067,62,3741.92,5,101,43,231999.04
1068,111,1321.85,13,101,38,146725.34999999998
1069,55,3433.27,11,98,46,188829.85
1070,177,5187.13,6,102,80,918122.01
1071,84,2052.29,16,101,54,172392.36
1072,61,2694.8,16,101,48,164382.80000000002
1073,121,3014.08,16,102,61,364703.68
1074,132,7769.22,18,102,74,1025537.04
1075,67,1469.02,8,99,43,98424.34
1076,86,2241.01,15,102,54,192726.86000000002
1077,36,1492.81,40,101,26,53741.159999999996
1078,250,6885.69,17,102,79,1721422.5
1079,50,1001.3,12,95,34,50065.0
1080,84,2206.11,4,99,40,185313.24000000002
1081,139,10201.550000000001,11,101,77,1418015.4500000002
1082,142,2032.54,4,102,86,288620.68
1083,54,1396.93,2,100,40,75434.22
1084,225,2363.16,8,102,78,531711.0
1085,106,4806.0,16,101,61,509436.0
1086,30,1188.61,12,101,25,35658.299999999996
1087,149,3010.24,17,99,61,448525.75999999995
1088,91,1439.6100000000001,7,102,61,131004.51000000001
1089,96,2404.98,7,101,52,230878.08000000002
1090,12,307.87,14,98,10,3694.44
1091,116,5617.400000000001,13,96,58,651618.4
1092,42,944.69,13,102,28,39676.98
1093,33,993.76,12,102,22,32794.08
1094,95,5935.57,3,102,63,563879.15
1095,30,599.54,3,93,25,17986.199999999997
1096,47,592.36,2,99,21,27840.920000000002
1097,165,8806.33,6,101,74,1453044.45
1098,449,9500.7,8,102,95,4265814.300000001
1099,28,683.13,15,93,21,19127.64
1100,26,313.41,17,101,22,8148.660000000001
1101,16,190.78,12,95,13,3052.48
1102,81,2263.4,3,100,58,183335.4
1103,204,6104.1900000000005,17,102,80,1245254.76
1104,118,3378.16,7,100,69,398622.88
1105,9,500.14,10,99,5,4501.26
1106,38,683.26,5,101,28,25963.88
1107,22,877.3199999999999,2,93,18,19301.039999999997
1108,22,292.1,11,97,16,6426.200000000001
1109,87,3059.0,10,99,63,266133.0
1110,133,5508.47,2,102,56,732626.51
1111,321,18894.72,5,102,95,6065205.12
1112,52,1889.45,14,97,37,98251.40000000001
1113,176,4391.3,11,102,77,772868.8
1114,44,970.95,4,102,34,42721.8
1115,51,1828.64,8,102,25,93260.64
1116,64,2779.14,1,100,36,177864.96
1117,186,3667.44,3,102,79,682143.84
1118,16,945.89,10,86,15,15134.24
1119,68,2232.75,16,102,47,151827.0
1120,87,1737.84,11,102,51,151192.08
1121,61,2486.64,8,98,46,151685.03999999998
1122,77,1236.98,17,72,42,95247.46
1123,73,3915.81,1,97,53,285854.13
1124,79,1896.39,7,102,42,149814.81
1125,89,691.1,4,102,40,61507.9
1126,28,2543.36,15,102,26,71214.08
1127,29,1563.53,17,102,24,45342.37
1128,234,3027.0,3,102,81,708318.0
1129,73,2401.41,13,102,55,175302.93
1130,362,6563.15,1,102,98,2375860.3
1131,102,3034.77,3,102,57,309546.54
1132,58,2073.62,4,101,36,120269.95999999999
1133,115,1377.66,5,102,63,158430.90000000002
1134,51,5050.53,13,99,36,257577.03
1135,64,748.88,5,102,37,47928.32
1136,59,1934.11,3,101,44,114112.48999999999
1137,134,2121.89,9,102,85,284333.26
1138,212,4546.37,2,102,90,963830.44
1139,92,7539.55,9,101,67,693638.6
1140,21,1164.18,11,95,11,24447.780000000002
1141,59,1137.28,13,100,43,67099.52
1142,284,15178.960000000001,6,102,97,4310824.640000001
1143,12,173.31,10,92,11,2079.7200000000003
1144,24,187.09,3,100,17,4490.16
1145,81,3875.17,2,102,42,313888.77
1146,345,8854.64,14,102,87,3054850.8
1147,57,3779.36,12,102,35,215423.52000000002
1148,26,478.59000000000003,6,102,25,12443.34
1149,17,307.90999999999997,13,97,14,5234.469999999999
1150,14,845.39,15,80,12,11835.46
1151,159,2808.91,6,102,65,446616.69
1152,77,1305.66,17,100,31,100535.82
1153,65,1142.8600000000001,9,101,42,74285.90000000001
1154,127,3803.55,10,102,71,483050.85000000003
1155,41,2053.02,11,102,27,84173.81999999999
1156,29,999.33,8,92,26,28980.57
1157,104,2779.86,6,97,63,289105.44
1158,219,2903.2,12,102,80,635800.7999999999
1159,233,4468.63,16,102,61,1041190.79
1160,145,4377.96,10,102,72,634804.2
1161,63,1377.57,3,101,44,86786.90999999999
1162,33,431.76,16,72,24,14248.08
1163,153,4808.01,3,100,80,735625.53
1164,104,4689.35,6,102,72,487692.4
1165,57,1413.52,13,102,42,80570.64
1166,409,12300.62,12,102,90,5030953.58
1167,150,6798.79,9,102,80,1019818.5
1168,69,874.23,7,101,52,60321.87
1169,128,5159.4,12,101,65,660403.2
1170,7,68.45,9,93,7,479.15000000000003
1171,34,996.6,18,102,26,33884.4
1172,167,4569.24,1,102,74,763063.08
1173,41,655.77,1,92,23,26886.57
1174,122,2156.65,12,101,51,263111.3
1175,135,7403.51,14,102,76,999473.85
1176,16,240.85,10,101,9,3853.6
1177,17,337.98,17,100,16,5745.66
1178,212,5022.28,6,102,97,1064723.3599999999
1179,205,9428.4,13,102,83,1932822.0
1180,166,5430.04,14,101,70,901386.64
1181,89,2196.58,7,102,54,195495.62
1182,124,1966.38,7,98,51,243831.12000000002
1183,9,260.04,13,97,6,2340.36
1184,13,713.9,2,100,11,9280.699999999999
1185,61,1334.18,2,102,36,81384.98000000001
1186,79,6060.38,5,102,55,478770.02
1187,133,2996.18,11,102,57,398491.94
1188,149,3722.22,16,102,68,554610.78
1189,51,954.21,9,101,38,48664.71
1190,253,3327.02,10,102,85,841736.0599999999
1191,98,2485.87,14,102,60,243615.25999999998
1192,100,1482.54,10,102,54,148254.0
1193,219,4723.650000000001,8,100,69,1034479.3500000001
1194,62,1276.74,13,101,43,79157.88
1195,41,1271.09,6,101,27,52114.689999999995
1196,27,1915.95,9,98,27,51730.65
1197,160,7988.7300000000005,8,101,76,1278196.8
1198,44,1004.6,16,100,38,44202.4
1199,7,163.57,16,41,6,1144.99
1200,30,1619.45,10,99,25,48583.5
1201,38,537.6,6,100,31,20428.8
1202,25,587.47,5,100,22,14686.75
1203,173,6385.44,13,102,79,1104681.1199999999
1204,81,2043.13,12,102,48,165493.53
1205,186,4383.72,7,98,73,815371.92
1206,381,6172.13,8,101,90,2351581.5300000003
1207,108,765.37,12,101,64,82659.96
1208,54,1078.06,14,100,32,58215.24
1209,23,361.42,16,102,16,8312.66
1210,37,921.33,11,100,28,34089.21
1211,168,9045.04,8,102,86,1519566.7200000002
1212,6,195.27,13,99,6,1171.6200000000001
1213,46,622.22,5,101,35,28622.120000000003
1214,7,122.95,9,97,7,860.65
1215,15,786.45,16,100,11,11796.75
1216,134,5303.53,14,102,70,710673.02
1217,54,2656.9,15,102,40,143472.6
1218,96,3093.53,15,101,62,296978.88
1219,121,823.08,12,102,67,99592.68000000001
1220,31,787.04,3,91,18,24398.239999999998
1221,15,652.34,16,98,13,9785.1
1222,174,5833.39,5,102,77,1015009.8600000001
1223,57,1743.69,16,99,34,99390.33
1224,92,2363.78,17,102,59,217467.76
1225,76,1415.38,7,100,50,107568.88
1226,76,6237.46,17,101,58,474046.96
1227,86,3810.36,16,102,52,327690.96
1228,797,14503.89,2,102,101,11559600.33
1229,385,18304.31,5,102,95,7047159.350000001
1230,20,258.53,10,100,17,5170.599999999999
1231,55,1919.79,13,101,48,105588.45
1232,22,488.49,5,79,18,10746.78
1233,38,1778.52,7,100,25,67583.76
1234,94,5547.83,11,102,63,521496.02
1235,20,894.0,17,102,16,17880.0
1236,194,3993.01,15,102,78,774643.9400000001
1237,20,1051.16,17,89,19,21023.2
1238,51,4678.61,1,101,44,238609.11
1239,26,2068.5,14,102,24,53781.0
1240,217,11250.07,15,102,76,2441265.19
1241,91,2041.45,2,102,54,185771.95
1242,35,830.11,17,101,28,29053.850000000002
1243,15,249.70000000000002,15,86,14,3745.5000000000005
1244,34,603.45,12,102,29,20517.300000000003
1245,254,4469.27,11,102,85,1135194.58
1246,97,5428.25,6,101,59,526540.25
1247,123,6639.95,16,102,75,816713.85
1248,158,9091.29,8,101,79,1436423.82
1249,23,491.62,16,101,20,11307.26
1250,6,203.17,12,101,6,1219.02
1251,53,325.77,9,94,34,17265.809999999998
1252,46,1152.78,6,100,35,53027.88
1253,24,570.15,15,90,8,13683.599999999999
1254,6,252.31,9,92,5,1513.8600000000001
1255,28,522.3,9,100,24,14624.399999999998
1256,170,5274.32,4,102,88,896634.3999999999
1257,31,1389.1200000000001,14,102,24,43062.72
1258,232,3502.45,2,102,94,812568.3999999999
1259,33,1163.62,16,98,28,38399.46
1260,168,11200.800000000001,4,102,85,1881734.4000000001
1261,228,3777.98,8,101,79,861379.4400000001
1262,29,769.72,7,96,15,22321.88
1263,126,5257.4400000000005,3,98,69,662437.4400000001
1264,132,6458.78,8,101,69,852558.96
1265,49,1409.8700000000001,18,102,38,69083.63
1266,115,1657.11,3,101,72,190567.65
1267,66,1689.84,12,102,55,111529.43999999999
1268,71,3013.56,12,102,47,213962.76
1269,109,2595.17,11,102,60,282873.53
1270,73,3455.32,14,101,47,252238.36000000002
1271,132,4155.52,17,102,74,548528.64
1272,258,10019.45,5,102,93,2585018.1
1273,17,265.04,15,102,13,4505.68
1274,273,12503.24,9,102,94,3413384.52
1275,8,137.63,11,42,4,1101.04
1276,20,623.45,16,101,14,12469.0
1277,328,5900.81,14,102,83,1935465.6800000002
1278,19,738.34,15,101,17,14028.460000000001
1279,199,4793.46,13,102,81,953898.54
1280,24,427.63,13,99,17,10263.119999999999
1281,38,788.4,14,100,24,29959.2
1282,203,5957.4800000000005,11,100,73,1209368.4400000002
1283,49,332.46,18,102,40,16290.539999999999
1284,160,1974.49,2,102,63,315918.4
1285,137,5048.59,12,102,80,691656.8300000001
1286,30,595.0,8,88,22,17850.0
1287,159,2818.0,1,101,77,448062.0
1288,55,1896.5,9,102,36,104307.5
1289,525,1512.08,1,102,97,793842.0
1290,34,1060.24,8,101,23,36048.16
1291,103,3290.01,5,102,75,338871.03
1292,27,520.3199999999999,3,100,24,14048.639999999998
1293,176,2762.8,11,102,79,486252.80000000005
1294,56,4829.32,16,102,44,270441.92
1295,68,1637.41,8,102,44,111343.88
1296,80,2124.43,12,102,77,169954.4
1297,147,2733.28,4,102,63,401792.16000000003
1298,50,1487.99,16,101,40,74399.5
1299,192,5959.57,7,102,86,1144237.44
1300,84,2959.65,5,102,52,248610.6
1301,80,1494.22,6,102,47,119537.6
1302,36,757.95,15,102,28,27286.2
1303,212,6344.09,15,102,72,1344947.08
1304,90,899.49,9,102,57,80954.1
1305,373,7552.93,14,98,74,2817242.89
1306,171,3041.69,13,102,70,520128.99
1307,174,2049.58,15,102,67,356626.92
1308,23,320.58,3,83,19,7373.339999999999
1309,9,158.48000000000002,3,79,6,1426.3200000000002
1310,34,857.98,14,100,28,29171.32
1311,17,685.63,12,87,14,11655.71
1312,134,5055.88,10,101,59,677487.92
1313,30,1030.97,17,101,26,30929.100000000002
1314,421,14330.4,7,102,96,6033098.399999999
1315,5,645.36,9,90,5,3226.8
1316,58,3736.48,2,100,46,216715.84
1317,196,4065.2400000000002,4,102,88,796787.04
1318,74,5583.96,14,100,65,413213.04
1319,48,1059.79,6,98,41,50869.92
1320,14,360.43,5,102,12,5046.02
1321,204,1888.13,11,102,74,385178.52
1322,16,260.65,11,99,15,4170.4
1323,11,297.05,7,102,9,3267.55
1324,42,2667.23,12,101,39,112023.66
1325,64,2835.9900000000002,12,102,44,181503.36000000002
1326,394,8831.21,12,102,86,3479496.7399999998
1327,9,477.17,17,59,9,4294.53
1328,96,2544.89,9,102,42,244309.44
1329,31,1546.05,7,101,27,47927.549999999996
1330,86,2177.55,6,102,53,187269.30000000002
1331,105,1821.03,3,98,56,191208.15
1332,60,2047.26,9,102,50,122835.6
1333,129,7709.85,11,101,75,994570.65
1334,57,629.58,14,100,28,35886.060000000005
1335,31,978.87,17,99,24,30344.97
1336,123,6035.21,7,102,77,742330.83
1337,244,11500.76,16,102,86,2806185.44
1338,189,1783.98,8,102,48,337172.22000000003
1339,6,390.15999999999997,8,101,6,2340.96
1340,57,512.53,8,100,44,29214.21
1341,13,434.77,7,92,11,5652.01
1342,12,160.01999999999998,8,98,11,1920.2399999999998
1343,12,267.19,14,96,10,3206.2799999999997
1344,27,2728.78,13,99,25,73677.06000000001
1345,56,1348.56,1,99,43,75519.36
1346,80,1174.31,14,102,47,93944.79999999999
1347,131,3360.34,10,102,63,440204.54000000004
1348,23,324.22,13,90,21,7457.06
1349,202,5380.22,7,102,80,1086804.44
1350,131,2568.6,7,102,53,336486.6
1351,91,564.4,1,100,63,51360.4
1352,138,5398.95,17,102,75,745055.1
1353,132,4019.91,3,101,79,530628.12
1354,87,2534.76,11,102,61,220524.12000000002
1355,14,547.82,4,102,9,7669.4800000000005
1356,86,2239.34,2,101,63,192583.24000000002
1357,87,3061.9,9,102,76,266385.3
1358,123,2466.68,12,102,35,303401.63999999996
1359,76,1192.68,9,102,51,90643.68000000001
1360,23,630.1899999999999,9,97,23,14494.369999999999
1361,11,608.58,2,102,11,6694.38
1362,61,1418.76,16,100,48,86544.36
1363,58,4075.4,11,102,36,236373.2
1364,145,2466.05,1,102,81,357577.25
1365,9,103.65,5,56,7,932.85
1366,256,4242.62,11,101,85,1086110.72
1367,352,12125.48,4,102,94,4268168.96
1368,32,2766.9700000000003,14,101,29,88543.04000000001
1369,144,3105.71,3,102,77,447222.24
1370,86,8531.89,13,102,84,733742.5399999999
1371,45,835.71,2,77,31,37606.950000000004
1372,25,1337.07,3,95,23,33426.75
1373,40,657.52,8,101,36,26300.8
1374,99,2841.56,11,102,64,281314.44
1375,122,3745.41,17,102,67,456940.01999999996
1376,235,11041.41,15,102,83,2594731.35
1377,35,791.34,1,101,30,27696.9
1378,121,6933.72,6,102,79,838980.12
1379,509,13995.22,12,102,91,7123566.9799999995
1380,25,349.81,2,98,21,8745.25
1381,49,134.4,17,101,27,6585.6
1382,116,3082.47,4,102,69,357566.51999999996
1383,128,1532.65,13,101,69,196179.2
1384,33,827.46,14,100,30,27306.18
1385,112,5637.51,9,100,59,631401.12
1386,8,111.15,16,95,8,889.2
1387,66,2057.95,6,101,53,135824.69999999998
1388,151,6949.16,3,102,79,1049323.16
1389,41,2841.16,17,101,32,116487.56
1390,211,4879.86,3,101,64,1029650.46
1391,169,8105.74,4,102,84,1369870.06
1392,109,2315.07,11,95,58,252342.63
1393,203,5950.89,9,102,89,1208030.6700000002
1394,151,4391.58,18,102,72,663128.58
1395,40,1142.42,12,102,29,45696.8
1396,229,7177.06,9,89,72,1643546.74
1397,283,5707.6,15,102,88,1615250.8
1398,20,404.96000000000004,14,100,19,8099.200000000001
1399,33,1032.63,17,102,30,34076.79
1400,11,284.31,16,101,10,3127.41
1401,52,587.37,12,98,41,30543.24
1402,165,2245.76,9,102,84,370550.4
1403,151,3673.26,11,98,60,554662.26
1404,44,1248.19,9,101,32,54920.36
1405,55,2480.88,10,101,38,136448.4
1406,116,3790.44,12,102,60,439691.04
1407,35,1615.94,13,101,26,56557.9
1408,57,1055.29,13,99,44,60151.53
1409,87,4324.03,13,102,65,376190.61
1410,45,2525.94,6,100,28,113667.3
1411,6,131.51999999999998,16,64,5,789.1199999999999
1412,77,4053.15,2,101,58,312092.55
1413,27,344.06,14,101,20,9289.62
1414,17,274.03,17,102,14,4658.509999999999
1415,27,271.41,11,101,23,7328.070000000001
1416,6,91.65,7,99,4,549.9000000000001
1417,75,3703.93,11,102,39,277794.75
1418,78,2735.2,8,102,64,213345.59999999998
1419,524,7634.57,10,102,92,4000514.6799999997
1420,79,3891.97,7,94,48,307465.63
1421,218,5535.2,3,102,97,1206673.5999999999
1422,11,481.77,7,102,8,5299.469999999999
1423,189,1695.76,16,100,78,320498.64
1424,57,595.22,18,94,40,33927.54
1425,131,3828.6,16,102,66,501546.6
1426,65,2330.87,2,101,46,151506.55
1427,83,2640.4700000000003,8,102,44,219159.01
1428,164,4911.53,14,101,73,805490.9199999999
1429,83,818.5600000000001,17,102,54,67940.48000000001
1430,344,20352.99,12,102,90,7001428.5600000005
1431,155,2718.4,16,102,73,421352.0
1432,9,336.95,2,102,9,3032.5499999999997
1433,8,70.04,7,99,7,560.32
1434,220,4160.33,16,102,79,915272.6
1435,13,511.78000000000003,7,89,11,6653.14
1436,8,134.89000000000001,16,86,6,1079.1200000000001
1437,99,4775.56,4,99,61,472780.44000000006
1438,41,2130.77,2,101,32,87361.56999999999
1439,33,555.56,13,95,23,18333.48
1440,100,2551.58,14,102,58,255158.0
1441,13,401.47,4,91,12,5219.110000000001
1442,29,312.5,9,99,15,9062.5
1443,182,2221.48,13,102,67,404309.36
1444,23,323.99,6,89,15,7451.77
1445,178,5130.59,12,102,77,913245.02
1446,44,2095.83,17,101,38,92216.51999999999
1447,40,604.95,6,102,31,24198.0
1448,80,1927.33,15,94,35,154186.4
1449,39,405.83,16,90,28,15827.369999999999
1450,90,1647.2,14,99,38,148248.0
1451,260,6700.05,17,102,81,1742013.0
1452,374,1884.05,8,101,93,704634.7
1453,761,21661.29,15,102,87,16484241.690000001
1454,154,4934.0,14,102,62,759836.0
1455,14,820.1800000000001,3,38,11,11482.52
1456,69,1506.5,17,99,42,103948.5
1457,39,2667.34,8,100,27,104026.26000000001
1458,126,3480.63,14,101,69,438559.38
1459,79,4769.04,10,101,47,376754.16
1460,57,2455.68,11,94,42,139973.75999999998
1461,290,7246.2,5,102,91,2101398.0
1462,120,4830.0,13,101,75,579600.0
1463,139,3460.15,5,102,76,480960.85000000003
1464,76,2474.4,13,97,52,188054.4
1465,56,1038.52,4,101,40,58157.119999999995
1466,38,1029.47,1,101,29,39119.86
1467,835,2957.82,2,102,72,2469779.7
1468,81,4131.73,7,82,47,334670.12999999995
1469,44,1160.0,4,79,28,51040.0
1470,133,1991.33,16,102,67,264846.89
1471,32,486.72,8,96,29,15575.04
1472,4,269.53999999999996,13,60,3,1078.1599999999999
1473,118,4339.15,16,102,67,512019.69999999995
1474,72,2445.87,13,102,46,176102.63999999998
1475,339,14855.210000000001,16,102,87,5035916.19
1476,356,9481.75,6,102,88,3375503.0
1477,15,279.2,10,95,15,4188.0
1478,6,88.59,17,74,5,531.54
1479,716,9129.23,4,102,98,6536528.68
1480,27,152.20999999999998,13,96,23,4109.669999999999
1481,164,3298.77,13,102,71,540998.28
1482,18,1042.35,6,86,16,18762.3
1483,112,4725.27,1,102,66,529230.24
1484,106,3209.39,16,102,67,340195.33999999997
1485,66,2187.88,4,100,49,144400.08000000002
1486,14,548.32,14,100,13,7676.4800000000005
1487,38,1471.28,16,101,24,55908.64
1488,76,3246.92,14,100,52,246765.92
1489,536,17251.53,10,102,91,9246820.08
1490,208,5064.7,1,102,93,1053457.5999999999
1491,289,5635.97,12,102,90,1628795.33
1492,95,1226.29,3,102,72,116497.55
1493,25,943.13,17,101,22,23578.25
1494,85,2595.09,11,101,45,220582.65000000002
1495,165,1779.86,12,101,82,293676.89999999997
1496,12,852.95,15,95,10,10235.400000000001
1497,9,527.3000000000001,14,100,8,4745.700000000001
1498,26,960.1800000000001,12,95,24,24964.68
1499,89,2106.09,16,102,58,187442.01
1500,54,1051.1200000000001,17,100,28,56760.48
1501,205,8490.73,14,101,80,1740599.65
1502,47,2160.82,5,98,40,101558.54000000001
1503,18,117.69,7,95,16,2118.42
1504,3,66.33,12,29,3,198.99
1505,103,4053.23,17,94,60,417482.69
1506,144,2389.2,7,102,80,344044.8
1507,26,1499.3700000000001,15,101,23,38983.62
1508,81,1849.2,7,96,57,149785.2
1509,204,6452.83,9,102,88,1316377.32
1510,1300,11211.37,12,102,90,14574781.000000002
1511,149,3740.16,11,101,83,557283.84
1512,93,1674.23,4,102,52,155703.39
1513,64,931.89,9,102,46,59640.96
1514,57,2355.31,14,101,43,134252.66999999998
1515,99,4158.2,8,102,58,411661.8
1516,15,189.66,20,72,12,2844.9
1517,135,3871.04,11,102,74,522590.4
1518,34,1373.77,9,97,25,46708.18
1519,30,2425.66,6,99,27,72769.79999999999
1520,142,3839.36,15,102,76,545189.12
1521,43,753.95,13,96,24,32419.850000000002
1522,35,1086.56,14,91,25,38029.6
1523,67,1668.3,13,98,26,111776.09999999999
1524,60,2800.81,13,102,37,168048.6
1525,38,1645.25,9,99,25,62519.5
1526,199,2901.09,11,102,82,577316.91
1527,321,17295.18,5,102,97,5551752.78
1528,239,8086.55,8,102,91,1932685.45
1529,244,9025.51,14,102,83,2202224.44
1530,48,879.9300000000001,16,102,37,42236.64
1531,45,978.91,11,102,33,44050.95
1532,86,1916.02,8,96,37,164777.72
1533,22,255.24,13,101,20,5615.280000000001
1534,313,8449.68,16,102,85,2644749.8400000003
1535,247,8453.65,12,102,77,2088051.5499999998
1536,164,6960.1900000000005,7,102,78,1141471.1600000001
1537,148,2878.58,8,99,63,426029.83999999997
1538,32,504.92,10,102,23,16157.44
1539,10,79.41,13,97,9,794.0999999999999
1540,143,3598.69,15,102,64,514612.67
1541,102,7743.35,17,101,72,789821.7000000001
1542,116,1969.93,4,101,71,228511.88
1543,84,2612.4,16,98,43,219441.6
1544,54,2457.93,4,99,38,132728.22
1545,174,3948.53,10,102,80,687044.2200000001
1546,113,4095.37,17,101,56,462776.81
1547,289,2222.05,7,102,61,642172.4500000001
1548,112,3850.53,5,102,61,431259.36000000004
1549,177,1988.91,2,102,91,352037.07
1550,338,2542.45,9,102,50,859348.1
1551,18,800.11,2,100,13,14401.98
1552,35,1084.76,13,100,32,37966.6
1553,16,140.84,3,100,8,2253.44
1554,46,982.76,4,101,27,45206.96
1555,89,1446.54,9,100,57,128742.06
1556,138,3799.8,14,102,78,524372.4
1557,195,6528.36,14,102,82,1273030.2
1558,145,4487.1,1,102,82,650629.5
1559,60,2725.42,3,101,34,163525.2
1560,44,1209.04,16,101,36,53197.759999999995
1561,6,401.40999999999997,13,88,4,2408.46
1562,39,1198.02,14,102,31,46722.78
1563,113,4754.88,16,100,57,537301.4400000001
1564,36,437.77,7,96,28,15759.72
1565,31,447.90999999999997,9,94,27,13885.21
1566,347,10567.710000000001,14,102,64,3666995.37
1567,155,2124.23,17,102,65,329255.65
1568,81,4575.94,16,102,58,370651.13999999996
1569,104,1345.59,3,102,52,139941.36
1570,51,2389.96,16,96,35,121887.96
1571,49,567.87,9,102,36,27825.63
1572,52,2544.41,16,102,32,132309.32
1573,96,372.87,14,100,33,35795.520000000004
1574,28,3616.03,16,94,22,101248.84000000001
1575,55,1642.49,13,102,45,90336.95
1576,18,471.11,3,99,18,8479.98
1577,82,3794.61,11,100,54,311158.02
1578,94,2846.81,17,100,55,267600.14
1579,600,12695.25,3,102,98,7617150.0
1580,201,1771.02,8,102,62,355975.02
1581,28,1249.26,63,102,21,34979.28
1582,37,1907.02,15,87,27,70559.74
1583,20,338.28000000000003,13,99,16,6765.6
1584,317,7435.38,2,102,89,2357015.46
1585,150,9353.85,10,101,74,1403077.5
1586,72,2237.21,14,102,55,161079.12
1587,68,714.61,13,102,47,48593.48
1588,234,5199.9800000000005,15,102,75,1216795.32
1589,18,341.54,12,102,16,6147.72
1590,152,8033.79,1,101,83,1221136.08
1591,111,4844.96,4,102,62,537790.56
1592,52,2371.59,15,102,39,123322.68000000001
1593,43,1789.1000000000001,11,100,36,76931.3
1594,118,2986.13,17,101,47,352363.34
1595,139,5644.07,7,102,74,784525.73
1596,28,2154.63,12,102,23,60329.64
1597,54,801.63,13,101,38,43288.02
1598,445,11516.83,16,102,80,5124989.35
1599,182,6161.21,4,102,83,1121340.22
1600,64,914.7,6,102,37,58540.8
1601,23,1288.54,2,102,19,29636.42
1602,159,6425.14,11,102,77,1021597.26
1603,11,492.72,15,82,11,5419.92
1604,156,818.41,16,102,79,127671.95999999999
1605,57,729.22,15,101,37,41565.54
1606,21,1131.91,16,100,18,23770.11
1607,138,3882.88,10,102,68,535837.4400000001
1608,40,1399.89,12,99,28,55995.600000000006
1609,412,27859.68,7,102,95,11478188.16
1610,11,164.49,13,67,6,1809.39
1611,51,677.46,11,102,32,34550.46
1612,151,8429.05,5,102,73,1272786.5499999998
1613,136,6699.49,6,102,72,911130.64
1614,75,518.16,13,100,53,38862.0
1615,42,869.28,7,95,33,36509.76
1616,38,1235.72,3,91,31,46957.36
1617,104,4067.8,1,99,47,423051.2
1618,99,4562.48,18,102,60,451685.51999999996
1619,185,4454.7300000000005,14,102,83,824125.05
1620,337,9219.35,10,102,86,3106920.95
1621,90,3231.48,14,102,49,290833.2
1622,106,3844.31,5,102,71,407496.86
1623,180,4733.62,17,102,58,852051.6
1624,82,1567.81,16,98,48,128560.42
1625,41,464.64,16,101,28,19050.239999999998
1626,2,42.959999999999994,16,63,2,85.91999999999999
1627,114,3484.02,10,102,54,397178.27999999997
1628,18,546.78,10,101,13,9842.039999999999
1629,9,590.71,1,95,9,5316.39
1630,188,9265.32,15,102,88,1741880.16
1631,353,10427.21,15,102,88,3680805.13
1632,64,2104.91,11,97,47,134714.24
1633,219,10162.78,2,102,92,2225648.8200000003
1634,85,4616.14,6,102,63,392371.9
1635,20,128.98,14,95,14,2579.6
1636,22,1197.77,11,102,10,26350.94
1637,66,1170.13,11,102,41,77228.58
1638,51,552.18,17,100,42,28161.179999999997
1639,110,2578.1,12,102,53,283591.0
1640,151,4410.1,11,102,64,665925.1000000001
1641,47,577.62,13,102,31,27148.14
1642,125,2096.12,4,101,82,262015.0
1643,46,1461.3999999999999,11,101,31,67224.4
1644,26,397.48,17,102,9,10334.48
1645,8,296.52,17,96,6,2372.16
1646,68,1553.53,8,101,43,105640.04
1647,12,50.49,8,97,9,605.88
1648,116,5250.36,9,98,54,609041.76
1649,48,1132.4,16,102,36,54355.200000000004
1650,106,2259.16,17,101,57,239470.96
1651,65,2025.08,5,102,48,131630.19999999998
1652,39,946.0,2,102,29,36894.0
1653,541,19153.75,14,102,89,10362178.75
1654,40,786.53,8,98,29,31461.199999999997
1655,41,502.77,2,102,15,20613.57
1656,10,458.22,5,95,10,4582.200000000001
1657,50,647.9,16,98,19,32395.0
1658,69,1778.67,14,102,46,122728.23000000001
1659,130,2820.61,14,102,68,366679.3
1660,62,2045.5,9,101,40,126821.0
1661,44,1425.4,8,102,25,62717.600000000006
1662,83,8617.94,13,101,61,715289.02
1663,196,1834.06,14,102,72,359475.76
1664,41,2194.31,12,100,22,89966.70999999999
1665,108,1556.84,7,102,59,168138.72
1666,82,1078.47,17,97,46,88434.54000000001
1667,42,891.1,7,101,22,37426.200000000004
1668,94,2283.69,15,100,56,214666.86000000002
1669,10,297.97,5,101,9,2979.7000000000003
1670,19,96.48,4,90,16,1833.1200000000001
1671,38,1420.41,11,102,33,53975.58
1672,75,1718.0800000000002,5,101,47,128856.00000000001
1673,110,4773.85,15,100,53,525123.5
1674,8,120.28,9,61,7,962.24
1675,102,4862.09,9,91,69,495933.18
1676,97,5203.43,17,102,58,504732.71
1677,193,12559.61,3,101,91,2424004.73
1678,79,2613.9900000000002,18,101,43,206505.21000000002
1679,47,276.13,5,102,15,12978.11
1680,51,2039.68,10,99,40,104023.68000000001
1681,90,2602.2799999999997,9,93,46,234205.19999999998
1682,10,158.93,12,101,8,1589.3000000000002
1683,86,1920.99,4,101,59,165205.14
1684,50,1449.58,10,102,38,72479.0
1685,97,1571.37,7,102,60,152422.88999999998
1686,95,1313.76,16,102,66,124807.2
1687,106,3766.27,14,101,66,399224.62
1688,36,971.12,12,98,26,34960.32
1689,122,2711.79,2,102,71,330838.38
1690,59,1508.04,14,100,38,88974.36
1691,50,2283.69,14,102,40,114184.5
1692,150,2017.18,3,102,72,302577.0
1693,164,8354.55,16,102,82,1370146.2
1694,249,8055.47,16,102,83,2005812.03
1695,160,1174.56,5,102,73,187929.59999999998
1696,62,2640.01,15,101,46,163680.62000000002
1697,42,949.01,16,100,34,39858.42
1698,38,1757.51,11,101,26,66785.38
1699,29,1064.84,13,100,21,30880.359999999997
1700,33,1606.69,11,97,21,53020.770000000004
1701,31,1390.28,12,98,25,43098.68
1702,30,1927.05,16,94,21,57811.5
1703,233,4648.88,17,102,68,1083189.04
1704,46,400.83,2,102,25,18438.18
1705,176,1805.93,6,102,75,317843.68
1706,18,360.07,11,99,14,6481.26
1707,749,6580.49,3,102,99,4928787.01
1708,58,3571.6,14,101,45,207152.8
1709,87,2141.64,11,102,48,186322.68
1710,215,11984.59,3,101,84,2576686.85
1711,11,664.98,10,93,10,7314.780000000001
1712,33,728.93,17,99,16,24054.69
1713,37,1733.81,3,101,30,64150.97
1714,9,264.72,6,94,8,2382.4800000000005
1715,53,983.53,4,102,45,52127.09
1716,180,1950.26,14,101,56,351046.8
1717,88,1757.9,9,102,66,154695.2
1718,35,868.6899999999999,6,102,27,30404.149999999998
1719,83,3402.4500000000003,11,102,41,282403.35000000003
1720,142,5755.6900000000005,12,101,79,817307.9800000001
1721,17,339.59000000000003,17,102,15,5773.030000000001
1722,258,11229.710000000001,4,102,82,2897265.18
1723,86,4469.22,2,98,54,384352.92000000004
1724,95,2626.98,11,99,60,249563.1
1725,19,826.74,13,102,16,15708.06
1726,182,8131.91,8,102,86,1480007.6199999999
1727,2,149.01,16,18,2,298.02
1728,21,1517.18,16,102,18,31860.780000000002
1729,85,2910.61,6,102,54,247401.85
1730,167,3509.78,6,102,89,586133.26
1731,72,3451.81,10,101,45,248530.32
1732,98,3427.3,16,101,56,335875.4
1733,34,1487.3700000000001,2,102,27,50570.58
1734,19,161.78,16,97,16,3073.82
1735,93,3902.77,16,102,49,362957.61
1736,22,374.48,15,91,19,8238.560000000001
1737,27,350.94,13,98,21,9475.38
1738,62,1379.36,4,98,46,85520.31999999999
1739,34,778.4,14,102,27,26465.6
1740,390,11938.2,14,102,65,4655898.0
1741,15,161.99,17,100,14,2429.8500000000004
1742,282,2140.1,11,101,90,603508.2
1743,43,1168.94,11,101,36,50264.420000000006
1744,58,1088.62,11,101,45,63139.95999999999
1745,125,2591.48,2,101,74,323935.0
1746,49,2177.16,4,94,28,106680.84
1747,92,3066.6,7,101,54,282127.2
1748,247,5161.78,17,102,84,1274959.66
1749,122,4209.35,14,101,67,513540.70000000007
1750,20,736.42,13,96,18,14728.4
1751,142,4142.87,3,102,64,588287.54
1752,196,6593.81,9,102,80,1292386.76
1753,456,2964.05,14,102,79,1351606.8
1754,209,4120.16,6,101,83,861113.44
1755,31,1202.51,11,100,25,37277.81
1756,67,3344.29,9,102,41,224067.43
1757,10,253.11,6,66,6,2531.1000000000004
1758,70,2041.93,4,100,47,142935.1
1759,219,4009.62,17,102,63,878106.78
1760,53,563.64,3,101,34,29872.92
1761,31,1845.46,15,102,27,57209.26
1762,344,15360.14,14,102,88,5283888.16
1763,149,3919.37,12,101,67,583986.13
1764,135,11412.2,16,102,60,1540647.0
1765,62,2949.01,12,99,39,182838.62000000002
1766,38,460.68,13,102,22,17505.84
1767,485,9204.22,3,102,82,4464046.699999999
1768,70,1522.47,17,102,45,106572.90000000001
1769,156,7447.28,3,102,77,1161775.68
1770,477,8793.19,8,102,86,4194351.63
1771,11,532.2,4,93,11,5854.200000000001
1772,97,2452.88,5,89,59,237929.36000000002
1773,91,3356.9,11,101,57,305477.9
1774,66,5012.46,12,101,56,330822.36
1775,211,9485.14,17,102,81,2001364.5399999998
1776,231,3724.2599999999998,17,99,73,860304.0599999999
1777,75,1169.97,15,102,49,87747.75
1778,259,9336.3,13,102,88,2418101.6999999997
1779,109,3508.58,6,101,71,382435.22
1780,43,1413.68,4,98,29,60788.240000000005
1781,93,3228.57,11,100,60,300257.01
1782,37,1742.8500000000001,10,102,30,64485.450000000004
1783,91,4125.89,8,101,54,375455.99000000005
1784,40,1980.6200000000001,5,100,37,79224.8
1785,75,1555.7,11,102,52,116677.5
1786,44,409.73,11,94,29,18028.120000000003
1787,61,1097.5,6,100,36,66947.5
1788,152,9072.28,15,102,77,1378986.56
1789,23,293.19,2,98,20,6743.37
1790,47,1978.83,11,102,40,93005.01
1791,140,2970.1,15,102,68,415814.0
1792,126,3140.33,11,102,39,395681.58
1793,63,1888.55,4,102,45,118978.65
1794,77,3594.48,2,101,51,276774.96
1795,1138,9751.73,13,102,90,11097468.74
1796,60,2601.06,11,101,43,156063.6
1797,115,5551.49,11,102,77,638421.35
1798,42,2457.51,15,101,32,103215.42000000001
1799,52,395.46999999999997,9,100,38,20564.44
1800,85,3667.31,8,102,51,311721.35
1801,64,758.74,15,102,43,48559.36
1802,52,4835.4400000000005,16,100,46,251442.88000000003
1803,216,14420.9,3,102,95,3114914.4
1804,311,10251.19,15,102,87,3188120.0900000003
1805,77,792.2,11,102,51,60999.4
1806,139,3979.6,7,102,77,553164.4
1807,212,7773.21,18,101,75,1647920.52
1808,96,1824.33,5,101,55,175135.68
1809,61,1509.41,3,101,48,92074.01000000001
1810,266,4025.59,14,101,77,1070806.94
1811,16,852.5600000000001,14,98,12,13640.960000000001
1812,104,1948.99,17,102,60,202694.96
1813,4,233.45,17,100,4,933.8
1814,52,4107.85,15,101,37,213608.2
1815,89,4405.47,18,102,51,392086.83
1816,160,3869.51,10,102,78,619121.6000000001
1817,48,1024.72,16,102,34,49186.56
1818,72,1333.43,3,102,31,96006.96
1819,68,1446.23,17,102,46,98343.64
1820,77,4208.08,17,95,42,324022.16
1821,128,4937.2699999999995,5,101,57,631970.5599999999
1822,218,3516.44,11,102,72,766583.92
1823,377,12268.85,17,102,84,4625356.45
1824,165,3117.11,10,102,73,514323.15
1825,43,1831.84,10,85,32,78769.12
1826,111,1994.47,12,102,65,221386.17
1827,41,682.23,3,102,25,27971.43
1828,86,5813.77,1,82,43,499984.22000000003
1829,320,6618.55,13,102,87,2117936.0
1830,1,39.440000000000005,11,11,1,39.440000000000005
1831,166,5562.06,16,101,72,923301.9600000001
1832,55,1357.55,14,101,47,74665.25
1833,83,2991.81,3,102,57,248320.22999999998
1834,135,3769.5,13,95,62,508882.5
1835,310,10995.71,2,102,96,3408670.0999999996
1836,93,2991.96,10,101,61,278252.28
1837,160,7528.5,11,102,67,1204560.0
1838,34,1179.61,16,98,29,40106.74
1839,99,1764.15,17,102,68,174650.85
1840,37,337.21,14,80,19,12476.769999999999
1841,32,2401.78,15,101,31,76856.96
1842,19,906.65,17,101,18,17226.35
1843,42,770.15,1,98,27,32346.3
1844,83,1523.8,14,102,58,126475.4
1845,151,12647.61,8,102,87,1909789.11
1846,25,690.39,15,102,18,17259.75
1847,103,2678.71,15,102,60,275907.13
1848,110,10848.11,16,102,74,1193292.1
1849,162,2666.5,7,102,73,431973.0
1850,223,6882.11,17,102,76,1534710.53
1851,41,1255.55,4,100,27,51477.549999999996
1852,317,9800.02,2,100,75,3106606.3400000003
1853,36,274.39,7,101,26,9878.039999999999
1854,273,7631.72,7,102,89,2083459.56
1855,11,251.95,9,99,10,2771.45
1856,459,4661.53,3,102,99,2139642.27
1857,82,1755.3,5,102,48,143934.6
1858,67,2860.07,14,101,53,191624.69
1859,35,1791.28,16,102,29,62694.799999999996
1860,58,753.4200000000001,14,91,40,43698.36
1861,123,1868.45,2,102,61,229819.35
1862,142,2210.04,11,98,59,313825.68
1863,14,411.45,2,68,10,5760.3
1864,164,16941.58,15,102,81,2778419.12
1865,161,6651.93,4,102,92,1070960.73
1866,15,159.05,16,94,14,2385.75
1867,75,1093.51,11,101,26,82013.25
1868,39,700.96,5,102,29,27337.440000000002
1869,119,3630.62,11,102,70,432043.77999999997
1870,37,303.6,8,99,34,11233.2
1871,20,547.41,13,101,17,10948.199999999999
1872,162,3762.9700000000003,8,102,73,609601.14
1873,269,5686.82,4,102,83,1529754.5799999998
1874,33,834.29,17,100,26,27531.57
1875,44,909.05,11,100,25,39998.2
1876,5,86.19,11,101,5,430.95
1877,64,1975.04,5,102,44,126402.56
1878,35,625.64,2,101,20,21897.399999999998
1879,274,4861.95,15,102,85,1332174.3
1880,36,773.39,10,99,27,27842.04
1881,119,2913.96,16,101,70,346761.24
1882,26,405.54,10,98,16,10544.04
1883,126,2460.98,7,101,64,310083.48
1884,30,592.73,12,102,21,17781.9
1885,13,265.35,17,102,10,3449.55
1886,31,406.25,3,98,18,12593.75
1887,88,876.88,5,101,55,77165.44
1888,11,135.61,11,75,6,1491.71
1889,46,1803.8,15,100,37,82974.8
1890,51,1934.45,12,102,39,98656.95
1891,38,1344.71,14,102,28,51098.98
1892,307,5532.21,16,102,76,1698388.47
1893,18,373.71,14,101,14,6726.78
1894,42,2335.47,15,95,34,98089.73999999999
1895,49,927.5600000000001,7,97,33,45450.44
1896,129,3378.34,11,102,61,435805.86000000004
1897,1,19.58,11,11,1,19.58
1898,48,717.71,14,102,30,34450.08
1899,69,11276.8,4,101,62,778099.2
1900,56,8541.14,17,102,48,478303.83999999997
1901,852,11462.24,9,102,94,9765828.48
1902,21,1646.0,9,99,18,34566.0
1903,40,1152.32,11,98,25,46092.799999999996
1904,28,304.26,9,96,25,8519.279999999999
1905,81,1772.91,2,100,56,143605.71000000002
1906,163,8631.61,16,102,77,1406952.4300000002
1907,388,8939.5,16,102,75,3468526.0
1908,38,714.3100000000001,10,85,29,27143.780000000002
1909,22,546.99,11,97,20,12033.78
1910,26,741.83,4,88,20,19287.58
1911,124,1601.27,16,101,71,198557.48
1912,96,2256.45,12,100,62,216619.19999999998
1913,49,895.76,1,102,36,43892.24
1914,157,4075.9500000000003,6,102,83,639924.15
1915,28,485.8,13,102,19,13602.4
1916,150,2885.7,1,100,68,432855.0
1917,291,6788.0,2,102,100,1975308.0
1918,69,3012.49,13,101,39,207861.81
1919,100,4154.95,8,102,61,415495.0
1920,93,1927.74,16,102,53,179279.82
1921,104,1460.12,16,93,54,151852.47999999998
1922,113,3096.94,9,102,74,349954.22000000003
1923,167,4870.31,8,102,83,813341.77
1924,221,6225.45,16,102,80,1375824.45
1925,118,3019.2,10,96,60,356265.6
1926,73,2145.71,15,101,52,156636.83000000002
1927,98,5097.28,13,99,50,499533.44
1928,114,2328.37,5,102,79,265434.18
1929,62,4395.83,1,101,51,272541.46
1930,182,2674.9,14,99,66,486831.8
1931,101,2211.08,9,98,62,223319.08
1932,74,2678.78,5,102,45,198229.72
1933,85,2180.2200000000003,6,102,50,185318.7
1934,15,542.87,5,79,14,8143.05
1935,177,12371.26,17,102,76,2189713.02
1936,463,5029.86,5,102,86,2328825.1799999997
1937,158,6742.44,6,101,85,1065305.52
1938,28,1032.95,10,101,24,28922.600000000002
1939,75,3784.62,3,102,49,283846.5
1940,75,2392.72,7,101,59,179453.99999999997
1941,135,742.85,14,102,61,100284.75
1942,151,3135.06,15,102,65,473394.06
1943,212,5116.58,2,101,91,1084714.96
1944,180,10942.880000000001,13,101,84,1969718.4000000001
1945,19,1020.57,8,99,16,19390.83
1946,49,3312.46,4,101,44,162310.54
1947,90,7209.25,17,102,60,648832.5
1948,83,1602.32,13,102,52,132992.56
1949,54,1658.96,12,102,33,89583.84
1950,31,746.74,9,97,19,23148.94
1951,18,561.48,5,97,12,10106.64
1952,36,1003.87,12,101,21,36139.32
1953,113,2722.81,11,102,60,307677.52999999997
1954,143,1965.65,5,98,75,281087.95
1955,156,7634.5,3,101,69,1190982.0
1956,60,2174.55,7,101,39,130473.00000000001
1957,44,1994.23,5,98,36,87746.12
1958,35,1017.86,9,102,30,35625.1
1959,104,5592.54,11,97,49,581624.16
1960,93,2637.78,12,102,53,245313.54
1961,92,1634.22,5,100,49,150348.24
1962,132,3512.55,11,102,65,463656.60000000003
1963,50,2542.45,11,101,39,127122.49999999999
1964,68,1990.12,17,102,57,135328.16
1965,163,4142.69,16,102,76,675258.47
1966,129,5307.89,17,102,72,684717.81
1967,73,1802.93,3,101,48,131613.89
1968,89,2479.97,10,102,62,220717.33
1969,230,2246.2,12,102,90,516625.99999999994
1970,69,1091.08,10,102,47,75284.51999999999
1971,155,5297.13,4,100,76,821055.15
1972,120,2435.73,17,101,61,292287.6
1973,130,1683.55,9,84,36,218861.5
1974,198,5266.0,4,74,67,1042668.0
1975,363,17548.27,7,102,96,6370022.01
1976,165,3546.81,11,102,80,585223.65
1977,30,357.99,17,92,23,10739.7
1978,89,1459.68,5,102,55,129911.52
1979,101,1146.67,7,102,65,115813.67000000001
1980,54,4443.15,7,95,45,239930.09999999998
1981,100,1450.68,12,102,61,145068.0
1982,160,4213.85,16,102,64,674216.0
1983,38,2497.9,12,101,28,94920.2
1984,3,38.94,88,93,3,116.82
1985,156,8605.36,7,102,76,1342436.1600000001
1986,12,230.06,11,92,11,2760.7200000000003
1987,76,1973.54,16,102,52,149989.04
1988,184,7907.93,11,101,72,1455059.12
1989,153,3052.87,12,102,85,467089.11
1990,131,4593.26,13,101,75,601717.06
1991,45,320.14,12,102,38,14406.3
1992,30,528.65,15,98,27,15859.5
1993,82,1359.33,14,100,54,111465.06
1994,43,1069.0,7,102,35,45967.0
1995,154,15332.43,18,102,69,2361194.22
1996,119,2654.2000000000003,7,102,75,315849.80000000005
1997,67,4295.68,11,102,47,287810.56
1998,331,2383.54,10,102,92,788951.74
1999,52,783.33,17,102,36,40733.16
2000,61,552.29,8,102,43,33689.689999999995
2001,35,1214.28,5,99,28,42499.799999999996
2002,63,2465.12,3,99,44,155302.56
2003,42,1976.48,6,102,32,83012.16
2004,248,10053.87,11,102,91,2493359.7600000002
2005,52,1439.19,10,101,44,74837.88
2006,111,4873.24,4,102,67,540929.64
2007,191,8887.75,10,102,83,1697560.25
2008,68,2332.45,2,101,46,158606.59999999998
2009,33,1506.88,1,46,17,49727.04
2010,58,1605.98,16,102,25,93146.84
2011,104,1367.34,9,102,67,142203.36
2012,303,8535.06,11,101,85,2586123.1799999997
2013,94,1182.47,8,89,53,111152.18000000001
2014,44,1489.89,16,101,34,65555.16
2015,122,6628.7,11,101,79,808701.4
2016,126,1728.53,7,101,55,217794.78
2017,170,7106.62,11,102,83,1208125.4
2018,148,4038.15,1,102,64,597646.2000000001
2019,337,13160.5,15,102,71,4435088.5
2020,252,8458.210000000001,9,101,89,2131468.9200000004
2021,77,1393.24,7,101,57,107279.48
2022,86,7875.78,14,101,61,677317.08
2023,109,1805.63,14,102,59,196813.67
2024,99,4956.99,9,102,59,490742.00999999995
2025,33,1119.54,9,99,29,36944.82
2026,18,1181.63,16,97,14,21269.340000000004
2027,133,1915.28,4,99,66,254732.24
2028,91,1984.73,3,100,60,180610.43
2029,46,1688.9,16,97,34,77689.40000000001
2030,90,2628.1,16,102,55,236529.0
2031,15,306.37,17,98,11,4595.55
2032,66,1274.78,10,101,45,84135.48
2033,109,2512.78,11,102,58,273893.02
2034,140,3118.35,11,102,72,436569.0
2035,68,1083.6200000000001,7,92,44,73686.16
2036,49,4064.45,17,102,37,199158.05
2037,97,1743.97,15,100,59,169165.09
2038,59,1489.8,5,101,42,87898.2
2039,74,2260.46,2,102,20,167274.04
2040,422,2968.51,10,101,69,1252711.2200000002
2041,152,6406.99,17,102,70,973862.48
2042,29,4809.05,8,98,25,139462.45
2043,65,1640.79,14,101,47,106651.34999999999
2044,49,1000.84,1,93,37,49041.16
2045,19,310.64,17,86,17,5902.16
2046,48,638.8,9,99,40,30662.399999999998
2047,119,4816.35,16,100,55,573145.65
2048,47,1538.46,3,99,22,72307.62
2049,36,998.12,7,102,32,35932.32
2050,160,5193.22,3,102,82,830915.2000000001
2051,288,4923.16,3,67,49,1417870.08
2052,6,131.83,1,85,5,790.98
2053,165,3351.34,15,101,74,552971.1
2054,26,217.60000000000002,7,102,23,5657.6
2055,133,2408.7400000000002,16,102,61,320362.42000000004
2056,108,2450.8,14,102,55,264686.4
2057,125,3150.45,15,102,65,393806.25
2058,167,5970.57,2,102,91,997085.19
2059,54,2359.12,14,102,33,127392.48
2060,32,629.9,15,100,26,20156.8
2061,18,226.71,14,93,16,4080.78
2062,220,5357.62,6,102,77,1178676.4
2063,81,2591.43,7,102,61,209905.83
2064,271,5424.85,3,102,84,1470134.35
2065,89,3268.33,10,102,55,290881.37
2066,112,2141.78,10,102,53,239879.36000000002
2067,6,120.01,15,101,4,720.0600000000001
2068,108,2561.4,12,100,71,276631.2
2069,89,2068.17,6,100,51,184067.13
2070,635,9210.42,14,102,89,5848616.7
2071,215,1732.97,17,102,70,372588.55
2072,12,278.28,14,97,7,3339.3599999999997
2073,72,1697.23,10,84,34,122200.56
2074,29,678.72,16,93,27,19682.88
2075,155,4736.51,5,102,56,734159.05
2076,252,8297.94,7,101,86,2091080.8800000001
2077,109,1835.18,13,100,59,200034.62
2078,92,2323.92,5,102,51,213800.64
2079,120,4802.87,10,100,60,576344.4
2080,130,5704.14,10,102,54,741538.2000000001
2081,35,921.84,14,98,27,32264.4
2082,191,5082.41,15,102,77,970740.3099999999
2083,383,8308.39,12,102,90,3182113.3699999996
2084,132,2937.9500000000003,15,101,63,387809.4
2085,359,12894.57,8,102,92,4629150.63
2086,575,6269.54,12,102,88,3604985.5
2087,227,7832.74,5,101,93,1778031.98
2088,109,4905.71,4,102,71,534722.39
2089,34,159.96,1,100,34,5438.64
2090,56,1201.03,6,100,43,67257.68
2091,15,834.56,13,100,14,12518.4
2092,122,2290.54,15,81,49,279445.88
2093,19,490.98,15,95,15,9328.62
2094,75,3055.52,9,102,55,229164.0
2095,164,3790.4900000000002,1,102,73,621640.36
2096,26,1301.65,14,85,19,33842.9
2097,202,8823.83,4,93,79,1782413.66
2098,13,682.46,6,91,13,8871.98
2099,53,691.3,4,100,34,36638.899999999994
2100,71,3185.31,16,102,50,226157.01
2101,10,420.02,11,101,9,4200.2
2102,106,3619.76,2,102,70,383694.56
2103,30,361.01,9,101,26,10830.3
2104,29,494.57000000000005,2,91,17,14342.53
2105,35,899.92,1,101,21,31497.199999999997
2106,52,2807.03,6,71,32,145965.56
2107,87,3409.06,11,100,56,296588.22
2108,131,1830.99,15,102,75,239859.69
2109,120,2508.24,11,102,77,300988.8
2110,222,12470.03,1,101,97,2768346.66
2111,123,2590.37,3,99,74,318615.51
2112,132,5116.15,4,102,74,675331.7999999999
2113,60,1599.08,9,99,42,95944.79999999999
2114,156,3170.28,5,99,83,494563.68000000005
2115,320,14774.86,11,102,90,4727955.2
2116,224,12228.09,2,102,93,2739092.16
2117,63,1050.39,17,102,55,66174.57
2118,29,1107.79,17,102,22,32125.91
2119,44,2295.16,16,101,35,100987.04
2120,72,1643.2,9,100,34,118310.40000000001
2121,143,5582.79,17,102,72,798338.97
2122,12,441.84000000000003,9,102,11,5302.08
2123,59,4332.45,18,102,55,255614.55
2124,240,7859.41,3,102,91,1886258.4
2125,113,4833.29,8,102,50,546161.77
2126,127,4713.85,14,101,67,598658.9500000001
2127,26,1461.82,10,102,19,38007.32
2128,82,1877.71,13,100,36,153972.22
2129,163,7164.99,16,102,81,1167893.3699999999
2130,97,6060.39,16,101,60,587857.8300000001
2131,140,3982.87,17,98,60,557601.7999999999
2132,42,575.87,9,101,33,24186.54
2133,141,6759.92,12,102,71,953148.72
2134,89,9129.83,5,102,67,812554.87
2135,45,779.29,14,97,32,35068.049999999996
2136,18,1552.43,6,101,14,27943.74
2137,186,2970.14,11,99,70,552446.0399999999
2138,66,1878.48,16,99,41,123979.68000000001
2139,372,4695.59,9,102,90,1746759.48
2140,51,1567.89,12,94,32,79962.39
2141,90,5246.67,1,102,63,472200.3
2142,106,7631.12,10,102,70,808898.72
2143,9,298.65000000000003,3,88,8,2687.8500000000004
2144,49,2265.9,11,92,31,111029.1
2145,38,1090.6200000000001,14,98,29,41443.560000000005
2146,58,1692.54,2,100,47,98167.31999999999
2147,96,5706.01,18,102,67,547776.96
2148,124,3263.92,8,102,77,404726.08
2149,112,3703.42,17,101,56,414783.04000000004
2150,8,69.32,15,85,8,554.56
2151,41,834.27,7,101,20,34205.07
2152,25,156.55,5,90,20,3913.7500000000005
2153,41,933.4300000000001,12,100,29,38270.630000000005
2154,120,2523.34,15,102,56,302800.80000000005
2155,11,313.83000000000004,12,96,11,3452.1300000000006
2156,108,5874.46,11,101,70,634441.68
2157,12,390.7,6,86,11,4688.4
2158,131,3194.17,14,102,67,418436.27
2159,121,2018.95,17,102,51,244292.95
2160,57,748.07,9,100,41,42639.990000000005
2161,40,2064.11,6,101,31,82564.40000000001
2162,180,13923.45,15,102,81,2506221.0
2163,14,356.09999999999997,8,97,14,4985.4
2164,40,1596.48,17,58,33,63859.2
2165,11,182.10000000000002,3,92,9,2003.1000000000004
2166,30,84.21000000000001,16,73,15,2526.3
2167,75,1714.61,18,99,40,128595.74999999999
2168,197,5666.66,4,102,98,1116332.02
2169,40,857.96,16,100,28,34318.4
2170,266,6198.89,10,102,90,1648904.74
2171,107,4031.08,16,102,66,431325.56
2172,99,2408.11,17,101,53,238402.89
2173,86,2177.52,8,102,40,187266.72
2174,39,644.33,15,98,29,25128.870000000003
2175,17,610.22,17,97,14,10373.74
2176,195,2601.56,15,98,52,507304.2
2177,3,133.5,9,88,3,400.5
2178,152,3681.13,12,88,63,559531.76
2179,46,1452.29,10,102,38,66805.34
2180,44,936.39,5,90,26,41201.159999999996
2181,55,3074.4500000000003,11,101,36,169094.75000000003
2182,85,1530.52,4,101,62,130094.2
2183,173,4093.12,15,102,79,708109.76
2184,260,5094.8,9,102,86,1324648.0
2185,106,8550.73,2,102,68,906377.38
2186,113,5469.53,5,101,58,618056.89
2187,46,2667.13,10,99,34,122687.98000000001
2188,129,3917.34,17,102,76,505336.86000000004
2189,91,1335.47,11,102,58,121527.77
2190,225,9520.85,12,102,87,2142191.25
2191,15,780.92,7,102,14,11713.8
2192,29,492.03,1,102,23,14268.869999999999
2193,117,9155.01,2,101,66,1071136.17
2194,404,7169.78,4,102,98,2896591.12
2195,84,1180.72,16,101,49,99180.48
2196,65,1153.05,15,102,56,74948.25
2197,48,670.43,11,101,32,32180.64
2198,403,7205.88,8,102,91,2903969.64
2199,155,5639.17,16,102,82,874071.35
2200,197,8673.11,2,102,94,1708602.6700000002
2201,2,27.509999999999998,8,11,2,55.019999999999996
2202,18,319.9,17,102,14,5758.2
2203,103,5239.09,7,102,57,539626.27
2204,190,2646.05,15,101,73,502749.50000000006
2205,107,1978.76,2,102,64,211727.32
2206,41,502.25,8,102,37,20592.25
2207,372,4866.06,3,100,79,1810174.32
2208,193,9456.83,4,100,81,1825168.19
2209,232,6996.68,12,102,82,1623229.76
2210,34,1727.97,16,93,25,58750.98
2211,78,2292.52,15,102,48,178816.56
2212,46,251.33,17,98,26,11561.18
2213,55,3505.21,4,100,42,192786.55
2214,15,450.87,17,102,13,6763.05
2215,132,2402.11,9,102,76,317078.52
2216,34,454.57,16,102,29,15455.38
2217,192,4430.01,12,102,83,850561.92
2218,19,975.25,1,102,17,18529.75
2219,23,1077.42,12,101,18,24780.660000000003
2220,15,215.58,6,93,12,3233.7000000000003
2221,113,2301.4,16,102,79,260058.2
2222,40,3076.27,5,102,37,123050.8
2223,300,2059.76,2,98,58,617928.0000000001
2224,106,3984.1,2,102,81,422314.6
2225,98,3352.07,8,102,64,328502.86000000004
2226,640,8917.54,17,102,78,5707225.600000001
2227,173,4893.9,14,94,63,846644.7
2228,202,5298.05,7,101,61,1070206.1
2229,56,2415.4900000000002,14,102,38,135267.44
2230,38,1195.65,17,95,27,45434.700000000004
2231,94,4400.26,3,102,59,413624.44
2232,37,1131.65,8,102,27,41871.05
2233,273,8440.77,10,102,89,2304330.21
2234,192,7971.57,9,102,81,1530541.44
2235,89,3824.87,16,101,50,340413.43
2236,219,2880.5,17,99,70,630829.5
2237,158,4941.52,10,101,80,780760.16
2238,180,2479.46,16,101,62,446302.8
2239,43,1787.48,13,99,23,76861.64
2240,216,5413.2,5,102,81,1169251.2
2241,79,1505.67,8,102,52,118947.93000000001
2242,118,1239.07,11,102,49,146210.25999999998
2243,44,4019.71,14,102,38,176867.24
2244,324,5477.2,6,102,90,1774612.8
2245,178,4614.0199999999995,12,102,69,821295.5599999999
2246,5,321.35,10,65,4,1606.75
2247,90,3992.67,2,102,49,359340.3
2248,26,937.23,7,101,20,24367.98
2249,3,181.51,12,44,3,544.53
2250,68,2333.16,15,102,50,158654.88
2251,26,2022.54,5,95,19,52586.04
2252,346,9489.82,2,102,92,3283477.7199999997
2253,29,450.33,10,100,20,13059.57
2254,80,1270.3500000000001,9,82,51,101628.00000000001
2255,21,570.03,10,93,17,11970.63
2256,30,1497.5600000000002,16,102,23,44926.8
2257,75,791.54,2,101,63,59365.5
2258,49,1574.94,5,102,36,77172.06
2259,16,589.1700000000001,14,102,9,9426.720000000001
2260,133,7456.64,8,102,76,991733.12
2261,429,13379.78,16,102,84,5739925.62
2262,151,1491.0,7,102,83,225141.0
2263,460,5763.97,2,102,94,2651426.2
2264,315,16960.59,17,102,82,5342585.85
2265,3,77.44,9,11,2,232.32
2266,148,8754.12,11,101,78,1295609.76
2267,67,2304.15,13,102,42,154378.05000000002
2268,23,668.96,16,95,20,15386.080000000002
2269,209,3273.95,16,102,83,684255.5499999999
2270,312,4728.67,12,102,89,1475345.04
2271,46,361.88,17,98,34,16646.48
2272,70,2244.17,9,101,34,157091.9
2273,52,1594.8700000000001,14,101,43,82933.24
2274,71,6974.46,5,102,54,495186.66
2275,134,2789.51,11,102,70,373794.34
2276,31,1007.97,14,97,25,31247.07
2277,126,3888.44,10,102,59,489943.44
2278,46,1160.57,18,99,35,53386.219999999994
2279,59,972.47,14,101,43,57375.73
2280,228,12332.91,8,102,90,2811903.48
2281,105,5008.79,13,102,57,525922.95
2282,79,1103.88,17,102,54,87206.52
2283,17,1389.3700000000001,8,99,15,23619.29
2284,265,17152.63,16,102,80,4545446.95
2285,73,2057.9,12,100,49,150226.7
2286,26,989.26,9,95,24,25720.76
2287,33,833.51,16,101,28,27505.829999999998
2288,157,2093.06,12,102,57,328610.42
2289,88,2428.06,17,102,60,213669.28
2290,70,916.97,12,100,36,64187.9
2291,55,439.03000000000003,11,96,31,24146.65
2292,116,1336.14,9,102,37,154992.24000000002
2293,45,2462.95,11,102,28,110832.74999999999
2294,186,8381.66,7,98,72,1558988.76
2295,98,8003.99,7,99,64,784391.02
2296,230,13404.83,16,102,81,3083110.9
2297,45,698.36,3,100,34,31426.2
2298,83,2709.53,11,102,58,224890.99000000002
2299,62,2057.89,17,102,47,127589.18
2300,118,4615.35,13,102,72,544611.3
2301,137,4661.63,5,102,62,638643.31
2302,74,1960.24,14,98,54,145057.76
2303,66,2158.85,11,102,47,142484.1
2304,88,240.09,12,83,29,21127.920000000002
2305,123,6320.64,1,101,83,777438.7200000001
2306,8,62.06,4,49,8,496.48
2307,179,6009.24,2,102,92,1075653.96
2308,31,582.45,5,100,24,18055.95
2309,12,275.01,6,92,10,3300.12
2310,74,1389.32,6,101,48,102809.68
2311,58,1830.83,14,102,42,106188.14
2312,321,14682.81,14,102,87,4713182.01
2313,11,105.69,16,102,10,1162.59
2314,86,5078.05,15,100,64,436712.3
2315,9,266.1,18,102,4,2394.9
2316,27,751.89,6,83,21,20301.03
2317,150,13967.37,2,101,81,2095105.5000000002
2318,366,10685.72,7,90,77,3910973.5199999996
2319,117,1148.68,2,102,41,134395.56
2320,25,369.59000000000003,9,99,23,9239.75
2321,18,336.09,7,102,11,6049.62
2322,323,23646.920000000002,10,102,91,7637955.16
2323,29,781.34,16,98,24,22658.86
2324,146,2671.77,1,101,80,390078.42
2325,3,106.36,97,100,2,319.08
2326,47,1322.8700000000001,16,102,33,62174.89000000001
2327,43,1267.76,2,99,28,54513.68
2328,166,14193.61,2,102,81,2356139.2600000002
2329,100,2722.37,10,84,56,272237.0
2330,73,5683.36,10,102,47,414885.27999999997
2331,103,5903.55,3,100,67,608065.65
2332,16,353.8,5,94,13,5660.8
2333,24,270.6,8,102,18,6494.400000000001
2334,361,11955.380000000001,2,102,100,4315892.180000001
2335,53,1955.25,9,101,32,103628.25
2336,76,2384.25,1,101,55,181203.0
2337,1210,11703.97,17,102,83,14161803.7
2338,69,2111.55,18,102,44,145696.95
2339,10,262.41999999999996,12,99,8,2624.2
2340,149,2996.82,4,102,73,446526.18000000005
2341,306,5698.38,7,100,89,1743704.28
2342,196,5934.36,15,102,81,1163134.5599999998
2343,240,4627.4800000000005,17,102,80,1110595.2000000002
2344,57,2690.84,15,102,41,153377.88
2345,109,4278.51,4,100,55,466357.59
2346,30,1220.3799999999999,5,102,29,36611.399999999994
2347,93,3232.55,13,102,54,300627.15
2348,56,278.87,14,95,12,15616.720000000001
2349,72,2100.28,13,101,49,151220.16
2350,46,1915.65,15,102,31,88119.90000000001
2351,322,16616.78,15,102,88,5350603.159999999
2352,43,1255.85,1,98,32,54001.549999999996
2353,14,412.75,5,99,13,5778.5
2354,80,4821.89,14,101,53,385751.2
2355,16,111.34,7,94,16,1781.44
2356,98,2159.78,3,89,52,211658.44000000003
2357,29,234.37,2,95,23,6796.7300000000005
2358,79,2423.25,9,102,54,191436.75
2359,174,2806.27,17,100,66,488290.98
2360,343,9394.58,8,102,91,3222340.94
2361,90,4528.71,17,100,61,407583.9
2362,41,520.29,1,95,27,21331.89
2363,43,843.76,11,98,38,36281.68
2364,117,7414.1,13,102,76,867449.7000000001
2365,7,313.65,16,33,7,2195.5499999999997
2366,168,5500.03,16,101,73,924005.0399999999
2367,142,4495.53,6,102,62,638365.26
2368,27,1377.69,12,97,23,37197.630000000005
2369,76,2709.79,16,102,55,205944.04
2370,172,5307.52,14,102,78,912893.4400000001
2371,98,2138.71,1,102,66,209593.58000000002
2372,71,3208.19,17,102,49,227781.49
2373,124,2585.6,17,100,52,320614.39999999997
2374,82,6249.35,2,98,62,512446.7
2375,114,2841.4,1,101,56,323919.60000000003
2376,183,3925.4900000000002,11,102,76,718364.67
2377,82,1107.54,5,102,62,90818.28
2378,154,8311.08,7,102,81,1279906.32
2379,56,1323.34,12,100,40,74107.04
2380,177,5018.78,12,102,75,888324.0599999999
2381,92,2185.28,15,102,63,201045.76
2382,36,822.64,6,87,30,29615.04
2383,18,555.64,7,93,13,10001.52
2384,19,801.41,6,102,17,15226.789999999999
2385,306,6158.06,14,102,56,1884366.36
2386,51,1056.96,17,102,42,53904.96
2387,33,865.7,7,101,18,28568.100000000002
2388,63,1703.02,17,102,36,107290.26
2389,62,1485.44,5,99,39,92097.28
2390,47,1046.59,4,90,37,49189.729999999996
2391,54,633.92,4,87,42,34231.68
2392,39,1428.9,2,102,24,55727.100000000006
2393,61,4048.29,12,102,49,246945.69
2394,84,1538.01,13,101,50,129192.84
2395,227,5262.3,10,100,83,1194542.1
2396,17,550.48,7,92,14,9358.16
2397,35,1095.1,1,101,22,38328.5
2398,76,2035.1,15,93,48,154667.6
2399,10,188.49,3,98,10,1884.9
2400,391,14681.32,15,102,84,5740396.12
2401,67,727.45,6,101,47,48739.15
2402,36,1088.9,8,102,25,39200.4
2403,10,118.69,17,87,9,1186.9
2404,18,559.76,14,100,13,10075.68
2405,151,3425.7,7,102,71,517280.69999999995
2406,138,4860.81,3,100,82,670791.78
2407,179,6665.22,13,102,80,1193074.3800000001
2408,26,2108.17,17,100,20,54812.42
2409,8,906.55,6,101,7,7252.4
2410,63,2636.57,6,100,55,166103.91
2411,76,2019.25,7,101,42,153463.0
2412,279,12763.78,15,102,81,3561094.62
2413,17,301.40999999999997,2,89,15,5123.969999999999
2414,6,178.68,3,86,6,1072.08
2415,126,1676.34,13,102,52,211218.84
2416,110,4422.9800000000005,7,102,70,486527.80000000005
2417,9,196.11,3,102,9,1764.9900000000002
2418,113,1572.61,13,102,60,177704.93
2419,65,1199.3700000000001,12,100,47,77959.05
2420,102,4583.46,6,96,61,467512.92
2421,81,8749.76,7,101,67,708730.56
2422,5,368.07,4,64,5,1840.35
2423,59,2838.62,11,102,36,167478.58
2424,113,4122.83,8,102,70,465879.79
2425,119,4361.02,15,102,58,518961.38000000006
2426,115,2437.06,16,101,76,280261.89999999997
2427,346,8725.94,1,102,97,3019175.24
2428,19,323.27,10,101,16,6142.129999999999
2429,66,1807.16,3,101,44,119272.56000000001
2430,60,1885.95,9,94,48,113157.0
2431,43,978.85,11,101,33,42090.55
2432,238,4948.11,17,102,68,1177650.18
2433,30,609.75,18,89,25,18292.5
2434,23,771.51,13,97,18,17744.73
2435,46,3303.85,3,101,36,151977.1
2436,15,972.68,17,86,12,14590.199999999999
2437,74,4841.9400000000005,8,101,53,358303.56000000006
2438,184,3061.58,16,102,72,563330.72
2439,72,596.88,8,102,50,42975.36
2440,139,2563.57,13,102,61,356336.23000000004
2441,99,1223.56,6,101,69,121132.43999999999
2442,36,624.33,12,99,25,22475.88
2443,153,4029.19,7,65,56,616466.0700000001
2444,6,69.94,5,102,3,419.64
2445,217,6546.05,5,102,81,1420492.85
2446,190,6455.78,11,102,84,1226598.2
2447,132,7520.9400000000005,13,102,65,992764.0800000001
2448,205,9300.73,2,101,95,1906649.65
2449,290,10866.87,5,102,90,3151392.3000000003
2450,84,3060.77,14,100,48,257104.68
2451,192,8335.74,4,102,86,1600462.08
2452,146,3060.36,6,102,73,446812.56
2453,110,4551.68,15,101,62,500684.80000000005
2454,30,392.87,13,101,25,11786.1
2455,109,5339.03,12,102,69,581954.27
2456,76,1271.24,12,101,50,96614.24
2457,77,1540.47,10,98,53,118616.19
2458,56,1118.33,3,102,38,62626.479999999996
2459,971,20671.5,6,101,94,20072026.5
2460,32,966.05,13,102,25,30913.6
2461,22,1051.1,5,100,19,23124.199999999997
2462,189,11593.06,8,102,90,2191088.34
2463,12,158.42,15,71,10,1901.04
2464,51,1121.48,17,100,36,57195.48
2465,165,2089.29,5,99,79,344732.85
2466,99,2581.82,17,102,54,255600.18000000002
2467,396,12850.56,13,102,90,5088821.76
2468,90,2506.89,11,95,50,225620.09999999998
2469,37,660.92,4,100,30,24454.039999999997
2470,91,1042.06,12,99,56,94827.45999999999
2471,52,947.61,2,102,31,49275.72
2472,42,1220.81,15,102,33,51274.02
2473,9,330.68,1,87,6,2976.12
2474,49,511.40999999999997,18,99,44,25059.09
2475,124,5079.02,13,99,67,629798.4800000001
2476,14,403.26,17,69,11,5645.639999999999
2477,40,1871.22,3,99,30,74848.8
2478,146,3354.42,2,102,78,489745.32
2479,136,14279.7,17,102,80,1942039.2000000002
2480,29,1716.05,10,99,23,49765.45
2481,148,5403.5,17,102,75,799718.0
2482,71,2728.77,2,98,41,193742.67
2483,83,1770.91,1,102,56,146985.53
2484,157,7824.64,12,102,69,1228468.48
2485,82,1502.2,10,102,51,123180.40000000001
2486,83,3265.52,6,102,48,271038.16
2487,26,601.25,8,99,21,15632.5
2488,119,6327.51,10,101,75,752973.6900000001
2489,139,9403.42,11,101,73,1307075.3800000001
2490,33,699.16,16,100,26,23072.28
2491,62,950.77,10,82,29,58947.74
2492,133,2858.85,3,102,62,380227.05
2493,111,2588.73,3,78,49,287349.03
2494,35,2120.93,17,101,26,74232.54999999999
2495,20,209.0,11,93,14,4180.0
2496,63,4339.66,17,98,48,273398.58
2497,221,7111.9800000000005,12,101,86,1571747.58
2498,172,2601.6,16,102,67,447475.2
2499,90,3394.07,11,102,54,305466.3
2500,113,5486.16,12,102,64,619936.08
